DELETE_ORPHAN|223b4f2d0accbdc45a563dcc7913a40a|-|09f6459a195af0a48a7fb60788b3675c|L02_Content_monster3_mesh_node.asset
RETARGET_AND_DELETE|7998919c680ff7940938aaa6568d58ba|MoMing\FormalLevels\Prefabs\L02_Content.prefab|66ceb34bef8e18943a845b85cf79f8e8|L02_Content_medicine_bottle1_(16)_medicine bottle1.asset
DELETE_ORPHAN|0eccc01e4bdcd024b9e8515fd2080648|-|66ceb34bef8e18943a845b85cf79f8e8|medicine_bottle1_(15)_medicine_bottle1_32004.asset
DELETE_ORPHAN|aaa1a736c6e34e14cb8eb425c91fb645|-|66ceb34bef8e18943a845b85cf79f8e8|medicine_bottle1_(16)_medicine_bottle1_31990.asset
DELETE_ORPHAN|0e811111440d32143b555c13254408be|-|0c85ce5bd3f976d4ab44b04a07d8f76f|medicine_bottle5_(5)_medicine_bottle5_31696.asset
DELETE_ORPHAN|e21a6729b10df8440b441054aa718485|-|b6ea681d35bd9144e9d43cb791a78a60|metal_tray_(3)_metal_tray_32382.asset
DELETE_ORPHAN|3e3399a15cbfef44e8909ea71488f1f9|-|b6ea681d35bd9144e9d43cb791a78a60|metal_tray_(3)_metal_tray_33334.asset
DELETE_ORPHAN|5b09154f2c085d446a1ab253e04317a2|-|9eea92d87a858ec4d8f0b8e873ba0a1f|medicine_bottle6_(12)_medicine_bottle6_32396.asset
RETARGET_AND_DELETE|7ed49d0236f377b47aba5ed8f6d04b81|MoMing\FormalLevels\Prefabs\L045_Content.prefab|f68182add07a55a40b57c7e5f0b8cefa|L045_Content_hospital_sign11_(2)_hospital sign11.asset
DELETE_ORPHAN|b9bb9b573f0270b439c639bb9beb00d4|-|ac77533a25bed8e4787e7dac28ca4ac0|Level03ContentRoot_L03_Content_RoomNumber2_(1)_RoomNumber2.asset
DELETE_ORPHAN|0c6e98da5d80fce4698187781f385da7|-|bc946959f710a17408a3a995501ed3ec|Level03ContentRoot_L03_Content_dining_table_(1)_dining_table.asset
RETARGET_AND_DELETE|0eb3ff044589f6842ae1fe2c8cfd9c34|MoMing\FormalLevels\Prefabs\L045_Content.prefab|fa54806dbc6d0954685f72fbd61f1f36|L045_Content_sign2_(2)_mesh_node.asset
DELETE_ORPHAN|a481c04513d165240adb9692d71a0227|-|0e43c07697674524d9161e3a7b7a70bd|wall5_(10)_wall5_33600.asset
RETARGET_AND_DELETE|d72231bc38184b0458531775ed28197e|MoMing\FormalLevels\Prefabs\L02_Content.prefab|bd78d3fdd1d01ad48829f9f7ad946091|L02_Content_screen_(14)_mesh_node.asset
DELETE_ORPHAN|6e8b6cbc4a906914ab0bd46aa0bb2c2d|-|bd78d3fdd1d01ad48829f9f7ad946091|screen_(10)_mesh_node_32578.asset
DELETE_ORPHAN|2421d66efe5c779439ae8f59aa701d98|-|bd78d3fdd1d01ad48829f9f7ad946091|screen_(14)_mesh_node_33082.asset
DELETE_ORPHAN|ed3884115db2eef4fa447e7a01682527|-|82dd0e09a8a6adf4ea1e9fd559a97eeb|Meshy_AI_Weathered_Wood_Chair_0803213228_texture_(1)_mesh_node_28932.asset
DELETE_ORPHAN|8c2f700e62a145840ae5cce6f7c5f138|-|594b9e6cf3f268d4aaf088c3227dd0ba|Level03ContentRoot_L03_Content_RoomNumber3_(1)_RoomNumber3.asset
RETARGET_AND_DELETE|1d46d6b61ccdb2c4bb574ca34eaa489d|MoMing\FormalLevels\Prefabs\L02_Content.prefab|5761aa7ff709d9246b404d5cd8647f87|L02_Content_medicine_bottle9_(4)_medicine bottle9.asset
DELETE_ORPHAN|0b607e6f8a4e5574b8bdbf9debacb245|-|5761aa7ff709d9246b404d5cd8647f87|medicine_bottle9_(3)_medicine_bottle9_31780.asset
DELETE_ORPHAN|d10a49396a266064a813575808c38604|-|5761aa7ff709d9246b404d5cd8647f87|medicine_bottle9_(4)_medicine_bottle9_33306.asset
DELETE_ORPHAN|03110fe632d8ace4f92bd789e80bd2e7|-|569626653ce6c874abe0d04666797479|door5__jamb_(1)_mesh_node_28484.asset
RETARGET_AND_DELETE|e3bdee96da7e4b348a1c11b80be22c24|MoMing\FormalLevels\Prefabs\L04_Content.prefab|01d5bcab24a89de448c27cf8f79c98b9|L04_Content_Restroom1_(2)_Restroom1.asset
RETARGET_AND_DELETE|639360615c5504f43bbc6c37c8a63260|MoMing\FormalLevels\Prefabs\L04_Content.prefab|92032955a7d4a2546b61877f4bc9e0b3|L04_Content_DirtyLinenTrolley_(5)_mesh_node.asset
RETARGET_AND_DELETE|fdf679d8c0d7295458cc798f8d2c32dc|MoMing\FormalLevels\Prefabs\L04_Content.prefab|f19999ea41f1ff444a0a4d3b5e44f1a1|L04_Content_medicine_bottle3_(12)_medicine bottle3.asset
RETARGET_AND_DELETE|d12f2c8e44afbcc4384c110d4e4cd7e0|MoMing\FormalLevels\Prefabs\L04_Content.prefab|f19999ea41f1ff444a0a4d3b5e44f1a1|L04_Content_medicine_bottle3_(13)_medicine bottle3.asset
DELETE_ORPHAN|e9f50b0f5d997c74696574e37d4a2c4c|-|9ffc861748221dd449f3c4ab1ccd33fa|picture8_(1)_picture8_28778.asset
DELETE_ORPHAN|521fd945ccb95f54fb043c842889eccd|-|2887767c8ce4d5c4aa86da8605d4108d|door5_(1)_mesh_node_28344.asset
RETARGET_AND_DELETE|f12954a503688f143a31bda4d41f2ec8|MoMing\FormalLevels\Prefabs\L03_Content.prefab|2887767c8ce4d5c4aa86da8605d4108d|L03_Content_door5_(2)_DoorPivot_door5_(1)_mesh_node.asset
RETARGET_AND_DELETE|a2091e4b5b686214285705a485da7782|MoMing\FormalLevels\Prefabs\L03_Content.prefab|2887767c8ce4d5c4aa86da8605d4108d|L03_Content_door5_(3)_DoorPivot_door5_(1)_mesh_node.asset
RETARGET_AND_DELETE|4e36c9c90a4fc714382fcca823b63011|MoMing\FormalLevels\Prefabs\L03_Content.prefab|2887767c8ce4d5c4aa86da8605d4108d|L03_Content_door5_(4)_DoorPivot_door5_(1)_mesh_node.asset
RETARGET_AND_DELETE|0407143192f32574299302d6587ea7a6|MoMing\FormalLevels\Prefabs\L03_Content.prefab|2887767c8ce4d5c4aa86da8605d4108d|L03_Content_door5_(5)_DoorPivot_door5_(1)_mesh_node.asset
RETARGET_AND_DELETE|42d41183d1136ca4c9ea877caf63ae28|MoMing\FormalLevels\Prefabs\L04_Content.prefab|2887767c8ce4d5c4aa86da8605d4108d|L04_Content_door5_(6)_DoorPivot_door5_(1)_mesh_node.asset
RETARGET_AND_DELETE|c0ea5c0090972004eab74ab8406e16bc|MoMing\FormalLevels\Prefabs\L04_Content.prefab|2887767c8ce4d5c4aa86da8605d4108d|L04_Content_door5_(7)_DoorPivot_door5_(1)_mesh_node.asset
RETARGET_AND_DELETE|821be1df444a1e3408e7627c891e3aae|MoMing\FormalLevels\Prefabs\L04_Content.prefab|2887767c8ce4d5c4aa86da8605d4108d|L04_Content_door5_(8)_DoorPivot_door5_(1)_mesh_node.asset
RETARGET_AND_DELETE|8e8bcea0c2dcbe448bd7939d6b1e1fe0|MoMing\FormalLevels\Prefabs\L05_Content.prefab|2887767c8ce4d5c4aa86da8605d4108d|L05_Content_door5_(9)_DoorPivot_door5_(1)_mesh_node.asset
DELETE_ORPHAN|3460efe49012d4644a260cb9b5a8b525|-|2887767c8ce4d5c4aa86da8605d4108d|Level03ContentRoot_L03_Content_door5_(2)_DoorPivot_door5_(1)_mesh_node.asset
DELETE_ORPHAN|4718b29650e0cb44cae82ea45cbfd8e7|-|2887767c8ce4d5c4aa86da8605d4108d|Level03ContentRoot_L03_Content_door5_(3)_DoorPivot_door5_(1)_mesh_node.asset
DELETE_ORPHAN|d07bee6103ba8594db7e84ac2c89de17|-|2887767c8ce4d5c4aa86da8605d4108d|Level03ContentRoot_L03_Content_door5_(4)_DoorPivot_door5_(1)_mesh_node.asset
DELETE_ORPHAN|d4ca9a7494b58ff44a9d614d2ca8283c|-|2887767c8ce4d5c4aa86da8605d4108d|Level03ContentRoot_L03_Content_door5_(5)_DoorPivot_door5_(1)_mesh_node.asset
DELETE_ORPHAN|2852cc9468d2f724fbdaab008b69e130|-|37431f4e2af70a14aa2e42d0592c2427|Level03ContentRoot_L03_Content_toy2_(1)_mesh_node.asset
RETARGET_AND_DELETE|3209eed629030c142a9de3f5cfc8431a|MoMing\FormalLevels\Prefabs\L045_Content.prefab|48337833a50d00749a3dec1d6c7ff344|L045_Content_pendant_lamp_(2)_mesh_node.asset
RETARGET_AND_DELETE|4eda6c06b07fb634a8ed4db0dd1a7518|MoMing\FormalLevels\Prefabs\L045_Content.prefab|48337833a50d00749a3dec1d6c7ff344|L045_Content_pendant_lamp_(3)_mesh_node.asset
RETARGET_AND_DELETE|fe8478cf9683bd84698c891e7f5f113d|MoMing\FormalLevels\Prefabs\L045_Content.prefab|48337833a50d00749a3dec1d6c7ff344|L045_Content_pendant_lamp_(4)_mesh_node.asset
RETARGET_AND_DELETE|2c3a978d0f981fe44a49bc95e11dae62|MoMing\FormalLevels\Prefabs\L045_Content.prefab|48337833a50d00749a3dec1d6c7ff344|L045_Content_pendant_lamp_(5)_mesh_node.asset
RETARGET_AND_DELETE|199abe859aaf3ad408669f018270d35a|MoMing\FormalLevels\Prefabs\L045_Content.prefab|48337833a50d00749a3dec1d6c7ff344|L045_Content_pendant_lamp_(6)_mesh_node.asset
RETARGET_AND_DELETE|03b9ffd04b1781e4aaa4e00cb3cc5e3c|MoMing\FormalLevels\Prefabs\L045_Content.prefab|48337833a50d00749a3dec1d6c7ff344|L045_Content_pendant_lamp_(7)_mesh_node.asset
RETARGET_AND_DELETE|6678ec98738eee946bc02cb23df3acb1|MoMing\FormalLevels\Prefabs\L045_Content.prefab|48337833a50d00749a3dec1d6c7ff344|L045_Content_pendant_lamp_(8)_mesh_node.asset
RETARGET_AND_DELETE|4da54042420fbbb45966413897887ea3|MoMing\FormalLevels\Prefabs\L045_Content.prefab|48337833a50d00749a3dec1d6c7ff344|L045_Content_pendant_lamp_(9)_mesh_node.asset
DELETE_ORPHAN|c697f2336dd49704a8e1765757788b3b|-|d45d08ea930e53444884c5a11c3c24ad|L02_Content_Meshy_AI_Rusty_Iron_Pedal_Car_0801143638_texture_(2)_Mesh1.0.asset
DELETE_ORPHAN|489cc2ec84f88954a81e5554c862f8bb|-|94752dac563e8384b8ea8c59b7895473|Level03ContentRoot_L03_Content_door5__jamb_(3)_mesh_node.asset
DELETE_ORPHAN|8291fa5f1f9d8474a9a227834d07403d|-|16d1eb2dc7696ba4ca38318c2a4c675e|screen_(12)_mesh_node_32634.asset
DELETE_ORPHAN|b7522b3ad69999b4fb8b8c0b9af9bc64|-|e3ac3f4a7c34af8499978fc38a347387|cabinet_(3)_cabinet_32928.asset
DELETE_ORPHAN|27f87cbaffff161489c3f6238874cc7c|-|8ea4dbcc1145a734db4043e8008f3927|medicine_bottle5_(14)_medicine_bottle5_31948.asset
RETARGET_AND_DELETE|72bc4df31df35a04984e6c7d91b2a902|MoMing\FormalLevels\Prefabs\L03_Content.prefab|ea699bd705721d3478fe9a488c37110a|L03_Content_door5__jamb_(5)_mesh_node.asset
DELETE_ORPHAN|fbc8de3660328e84db8532ad8e38748c|-|766aea05545fac744b6c816bc77d1dc6|medicine_bottle5_(10)_medicine_bottle5_33502.asset
RETARGET_AND_DELETE|c861e440ab81e8e4b9b2185c1e9078e3|MoMing\FormalLevels\Prefabs\L01_Content.prefab|b3b5d462cade46348bccc7c3f04345a9|L01_Content_L01_Mechanism_Pedal_Pedal1_(1)_mesh_node.asset
RETARGET_AND_DELETE|e4ad5246487654c4aa9020afbdee2fa6|MoMing\FormalLevels\Prefabs\L03_Content.prefab|b3b5d462cade46348bccc7c3f04345a9|L03_Content_Pedal1_(3)_mesh_node.asset
RETARGET_AND_DELETE|ac2f0049627311e4ebf697107b582618|MoMing\FormalLevels\Prefabs\L03_Content.prefab|b3b5d462cade46348bccc7c3f04345a9|L03_Content_Pedal1_(4)_mesh_node.asset
RETARGET_AND_DELETE|e7adec908a83ef249ae03e89822ce6d4|MoMing\FormalLevels\Prefabs\L03_Content.prefab|b3b5d462cade46348bccc7c3f04345a9|L03_Content_Pedal1_(5)_mesh_node.asset
RETARGET_AND_DELETE|31bc14a0ee843db42a67ee69b8a86dc0|MoMing\FormalLevels\Prefabs\L03_Content.prefab|b3b5d462cade46348bccc7c3f04345a9|L03_Content_Pedal1_(6)_mesh_node.asset
DELETE_ORPHAN|9cc0df2c53266c443b9073a36889d1db|-|b3b5d462cade46348bccc7c3f04345a9|Level03ContentRoot_L03_Content_Pedal1_(3)_mesh_node.asset
DELETE_ORPHAN|394ae640e1c223148a4ac93cb2c1a0f0|-|b3b5d462cade46348bccc7c3f04345a9|Level03ContentRoot_L03_Content_Pedal1_(4)_mesh_node.asset
DELETE_ORPHAN|3b229fd6540337a438eb39787def301c|-|b3b5d462cade46348bccc7c3f04345a9|Level03ContentRoot_L03_Content_Pedal1_(5)_mesh_node.asset
DELETE_ORPHAN|8d2d214a7e339e54e9e61800f818bdac|-|b3b5d462cade46348bccc7c3f04345a9|Level03ContentRoot_L03_Content_Pedal1_(6)_mesh_node.asset
DELETE_ORPHAN|8113b277ddc66904fa82ddc9ffa0ec49|-|b3b5d462cade46348bccc7c3f04345a9|Pedal1_(1)_mesh_node_28358.asset
DELETE_ORPHAN|ba777a23d1841b340ae47d7657cb508c|-|b3b5d462cade46348bccc7c3f04345a9|Pedal1_(1)_mesh_node_29716.asset
DELETE_ORPHAN|0b5cf1a49894cba4a8f2e987715f9e5b|-|b3b5d462cade46348bccc7c3f04345a9|Pedal1_(2)_mesh_node_31444.asset
RETARGET_AND_DELETE|e8044052be31f814e8cb8370e321a951|MoMing\FormalLevels\Prefabs\L045_Content.prefab|8a9bad1b7619e5e4ba937cb9dc5b72ba|L045_Content_floor_tile_blue_(10)_mesh_node.asset
RETARGET_AND_DELETE|820c780ac4d82f74e874d771d7897568|MoMing\FormalLevels\Prefabs\L045_Content.prefab|8a9bad1b7619e5e4ba937cb9dc5b72ba|L045_Content_floor_tile_blue_(11)_mesh_node.asset
RETARGET_AND_DELETE|f6a6d0478b8a8ef4084cad5f70cd2a8e|MoMing\FormalLevels\Prefabs\L045_Content.prefab|8a9bad1b7619e5e4ba937cb9dc5b72ba|L045_Content_floor_tile_blue_(12)_mesh_node.asset
RETARGET_AND_DELETE|d2e2df45f5c46c248a771258e99b46fc|MoMing\FormalLevels\Prefabs\L045_Content.prefab|8a9bad1b7619e5e4ba937cb9dc5b72ba|L045_Content_floor_tile_blue_(13)_mesh_node.asset
RETARGET_AND_DELETE|8b1d93242bc214642b358ee10fd7dd5b|MoMing\FormalLevels\Prefabs\L045_Content.prefab|8a9bad1b7619e5e4ba937cb9dc5b72ba|L045_Content_floor_tile_blue_(15)_mesh_node.asset
RETARGET_AND_DELETE|91ecf9a3db3e3164c944c8610e40f084|MoMing\FormalLevels\Prefabs\L045_Content.prefab|8a9bad1b7619e5e4ba937cb9dc5b72ba|L045_Content_floor_tile_blue_(17)_mesh_node.asset
RETARGET_AND_DELETE|cf330adc5fe4405459da5c165d0808bc|MoMing\FormalLevels\Prefabs\L045_Content.prefab|8a9bad1b7619e5e4ba937cb9dc5b72ba|L045_Content_floor_tile_blue_(18)_mesh_node.asset
RETARGET_AND_DELETE|5cac2d9f0afcee24a9c892a89a56b985|MoMing\FormalLevels\Prefabs\L045_Content.prefab|8a9bad1b7619e5e4ba937cb9dc5b72ba|L045_Content_floor_tile_blue_(19)_mesh_node.asset
RETARGET_AND_DELETE|7f4f361c4abe1f147a9fe7ce8a15315d|MoMing\FormalLevels\Prefabs\L045_Content.prefab|8a9bad1b7619e5e4ba937cb9dc5b72ba|L045_Content_floor_tile_blue_(2)_mesh_node.asset
RETARGET_AND_DELETE|89e1e59ec61f85543bdf07709f5d198c|MoMing\FormalLevels\Prefabs\L045_Content.prefab|8a9bad1b7619e5e4ba937cb9dc5b72ba|L045_Content_floor_tile_blue_(20)_mesh_node.asset
RETARGET_AND_DELETE|57bd34d6659bd434a914f7377ed14c82|MoMing\FormalLevels\Prefabs\L045_Content.prefab|8a9bad1b7619e5e4ba937cb9dc5b72ba|L045_Content_floor_tile_blue_(21)_mesh_node.asset
RETARGET_AND_DELETE|d77fa1a2ed0adc14fb2196423579280b|MoMing\FormalLevels\Prefabs\L045_Content.prefab|8a9bad1b7619e5e4ba937cb9dc5b72ba|L045_Content_floor_tile_blue_(22)_mesh_node.asset
RETARGET_AND_DELETE|8219653a06db57140a2618fc7e05feac|MoMing\FormalLevels\Prefabs\L045_Content.prefab|8a9bad1b7619e5e4ba937cb9dc5b72ba|L045_Content_floor_tile_blue_(3)_mesh_node.asset
RETARGET_AND_DELETE|53cdecb8a35cefe4ca1ff0625a1d39e2|MoMing\FormalLevels\Prefabs\L045_Content.prefab|8a9bad1b7619e5e4ba937cb9dc5b72ba|L045_Content_floor_tile_blue_(4)_mesh_node.asset
RETARGET_AND_DELETE|089c4f1b152e3824a85bddfbc5f8460a|MoMing\FormalLevels\Prefabs\L045_Content.prefab|8a9bad1b7619e5e4ba937cb9dc5b72ba|L045_Content_floor_tile_blue_(5)_mesh_node.asset
RETARGET_AND_DELETE|6f0503a1682bc2e4a9be909742ea1bf8|MoMing\FormalLevels\Prefabs\L045_Content.prefab|8a9bad1b7619e5e4ba937cb9dc5b72ba|L045_Content_floor_tile_blue_(6)_mesh_node.asset
RETARGET_AND_DELETE|75b38606687282f43bee634052336705|MoMing\FormalLevels\Prefabs\L045_Content.prefab|8a9bad1b7619e5e4ba937cb9dc5b72ba|L045_Content_floor_tile_blue_(7)_mesh_node.asset
RETARGET_AND_DELETE|6e57e21fea6fd2a4095019f8bcc7078d|MoMing\FormalLevels\Prefabs\L045_Content.prefab|8a9bad1b7619e5e4ba937cb9dc5b72ba|L045_Content_floor_tile_blue_(8)_mesh_node.asset
RETARGET_AND_DELETE|f6b490b4d1137df4fb8c10d2ec0a5920|MoMing\FormalLevels\Prefabs\L045_Content.prefab|8a9bad1b7619e5e4ba937cb9dc5b72ba|L045_Content_floor_tile_blue_(9)_mesh_node.asset
DELETE_ORPHAN|7d76252a407e26748afaac5b58ec06ff|-|f89297cbbdd923747beef99aecc709ef|wall5_(13)_wall5_33572.asset
RETARGET_AND_DELETE|be61342450f9908428aba7738d089ddf|MoMing\FormalLevels\Prefabs\L04_Content.prefab|2f0884377d4b282498fa37cc70eea383|L04_Content_wall5_(35)_wall5.asset
DELETE_ORPHAN|e96d404103e48b64baf2dc24ef62834e|-|0485f066a8f592a43b4380f6a16e4fda|picture5_(1)_picture5_29268.asset
DELETE_ORPHAN|1fba21898f1daca41ac7203426b6c762|-|d1da11387000d774b8d573bd975279d0|picture6_(1)_picture6_29562.asset
RETARGET_AND_DELETE|5583a59ee8f3896498fc98a614e75619|MoMing\FormalLevels\Prefabs\L05_Content.prefab|eb91b60cac5aad84a9e61b8abf87c963|L05_Content_bookcase_wooden_(2)_mesh_node.asset
RETARGET_AND_DELETE|1fda63b1ce3cdab47bb643a576ead049|MoMing\FormalLevels\Prefabs\L04_Content.prefab|230febf05cdd5f2459b710b021d4694c|L04_Content_medicine_bottle1_(9)_medicine bottle1.asset
DELETE_ORPHAN|ce095d3f916353643b928e6b67e3e033|-|230febf05cdd5f2459b710b021d4694c|medicine_bottle1_(7)_medicine_bottle1_31976.asset
DELETE_ORPHAN|ed5402d4565d7a24b932b23403fed4d6|-|ff1e52632e1112b429ce83ce6789f1b1|medical_privacy_screen_(20)_mesh_node_32746.asset
DELETE_ORPHAN|30ac815bfa8a5a84d8e847209ccb8dd3|-|dfa1ab94e028e1344b35e63ddcb3739b|Level03ContentRoot_L03_Content_toy_horse_(1)_toy horse.asset
DELETE_ORPHAN|dd0ad9df25e2ff1438261a48d650c63c|-|9ec4cf4cf5508be4eb6792f4ad219e0f|medicine_bottle5_(6)_medicine_bottle5_31668.asset
DELETE_ORPHAN|96b57c83fa5ea9e4fbd45850c75d685c|-|d93d13e383f3b5e44afc79bf69e12a27|air鈥憊ent_(1)_air鈥憊ent_29548.asset
RETARGET_AND_DELETE|234dc44bd4604744b9cf2b3bf8451135|MoMing\FormalLevels\Prefabs\L01_Content.prefab|d93d13e383f3b5e44afc79bf69e12a27|L01_Content_Level01_SelectedArt_SourceManifest_SetDressing_air鈥憊ent_(1)_air鈥憊ent.asset
RETARGET_AND_DELETE|e1515447d380ad84cac1774c1594d8bd|MoMing\FormalLevels\Prefabs\L03_Content.prefab|d93d13e383f3b5e44afc79bf69e12a27|L03_Content_air鈥憊ent_(3)_air鈥憊ent.asset
RETARGET_AND_DELETE|caecd297725f2d040a39cb578462b8cb|MoMing\FormalLevels\Prefabs\L03_Content.prefab|d93d13e383f3b5e44afc79bf69e12a27|L03_Content_air鈥憊ent_(4)_air鈥憊ent.asset
RETARGET_AND_DELETE|5d28b3be3c0cfee489432915499fd0bc|MoMing\FormalLevels\Prefabs\L03_Content.prefab|d93d13e383f3b5e44afc79bf69e12a27|L03_Content_air鈥憊ent_(5)_air鈥憊ent.asset
DELETE_ORPHAN|31086a73aa8919a44adbbad348ccca60|-|d93d13e383f3b5e44afc79bf69e12a27|Level03ContentRoot_L03_Content_air鈥憊ent_(2)_air鈥憊ent.asset
DELETE_ORPHAN|57aabd2fdd60b6d408cccd59d32e4777|-|d93d13e383f3b5e44afc79bf69e12a27|Level03ContentRoot_L03_Content_air鈥憊ent_(3)_air鈥憊ent.asset
DELETE_ORPHAN|30ddc61593416864dae28f5ff110df33|-|d93d13e383f3b5e44afc79bf69e12a27|Level03ContentRoot_L03_Content_air鈥憊ent_(4)_air鈥憊ent.asset
DELETE_ORPHAN|da448c1e6658395459ec6f3658ee716c|-|d93d13e383f3b5e44afc79bf69e12a27|Level03ContentRoot_L03_Content_air鈥憊ent_(5)_air鈥憊ent.asset
RETARGET_AND_DELETE|b50852619981466418db5ab7811c3afd|MoMing\FormalLevels\Prefabs\L01_Content.prefab|8253efcb7a43e454b9c3be6089036b04|L01_Content_Level01_SelectedArt_SourceManifest_Architecture_wall2_wall2.asset
DELETE_ORPHAN|952548b37d401824aaddc6ba34cc9db6|-|8253efcb7a43e454b9c3be6089036b04|wall2_wall2_28400.asset
DELETE_ORPHAN|2d276ce2b2374e943b0c709a77a991fb|-|59634376b14be0249b7313d8b565696c|desk2_(1)_mesh_node_28890.asset
DELETE_ORPHAN|cbee5baa0e51f8b488141d824da4bb05|-|5ed2ad1b62635b740a86083a45c1622c|Level03ContentRoot_L03_Content_toy3_(1)_mesh_node.asset
DELETE_ORPHAN|d20b2b93ddbe83f42a9c91ab54ec62be|-|acfd98400806e3e478aa69ee131b6f4c|door2_door2_29688.asset
RETARGET_AND_DELETE|a337954cd60a2be4b96fced7f8eb8b10|MoMing\FormalLevels\Prefabs\L03_Content.prefab|ba779e7c20122234bb803bfb1f3428d0|L03_Content_door5__jamb_(3)_mesh_node.asset
RETARGET_AND_DELETE|6690d9914a6847f46bbc2d72b40193b5|MoMing\FormalLevels\Prefabs\L04_Content.prefab|375b7e3bc3317934c9a0141b486511dc|L04_Content_wall_lamp_(10)_wall_lamp.asset
RETARGET_AND_DELETE|eaeea1599cab74040b2652b06dc4afb5|MoMing\FormalLevels\Prefabs\L04_Content.prefab|375b7e3bc3317934c9a0141b486511dc|L04_Content_wall_lamp_(11)_wall_lamp.asset
RETARGET_AND_DELETE|b6b165c84e9e1224ba99f3fd17b43f87|MoMing\FormalLevels\Prefabs\L04_Content.prefab|375b7e3bc3317934c9a0141b486511dc|L04_Content_wall_lamp_(12)_wall_lamp.asset
RETARGET_AND_DELETE|5780ce0521a47fc47b9e12135f5b470f|MoMing\FormalLevels\Prefabs\L04_Content.prefab|375b7e3bc3317934c9a0141b486511dc|L04_Content_wall_lamp_(13)_wall_lamp.asset
RETARGET_AND_DELETE|de827d1f3b19d9a4c8bd96b3eb3fb200|MoMing\FormalLevels\Prefabs\L04_Content.prefab|375b7e3bc3317934c9a0141b486511dc|L04_Content_wall_lamp_(14)_wall_lamp.asset
RETARGET_AND_DELETE|54227a02437b36f4990cdeeb3ac417d3|MoMing\FormalLevels\Prefabs\L04_Content.prefab|375b7e3bc3317934c9a0141b486511dc|L04_Content_wall_lamp_(15)_wall_lamp.asset
RETARGET_AND_DELETE|395373c59a3827c4e843db3ec95a80f9|MoMing\FormalLevels\Prefabs\L04_Content.prefab|375b7e3bc3317934c9a0141b486511dc|L04_Content_wall_lamp_(16)_wall_lamp.asset
RETARGET_AND_DELETE|129490707fb0d81459c169b9e78f62ba|MoMing\FormalLevels\Prefabs\L04_Content.prefab|375b7e3bc3317934c9a0141b486511dc|L04_Content_wall_lamp_(17)_wall_lamp.asset
RETARGET_AND_DELETE|17f1896ad2a46ff40bf5d2c1dd858020|MoMing\FormalLevels\Prefabs\L04_Content.prefab|375b7e3bc3317934c9a0141b486511dc|L04_Content_wall_lamp_(18)_wall_lamp.asset
RETARGET_AND_DELETE|66d7b24fbbb22dd4ab0280d9b2a51d2e|MoMing\FormalLevels\Prefabs\L04_Content.prefab|375b7e3bc3317934c9a0141b486511dc|L04_Content_wall_lamp_(19)_wall_lamp.asset
RETARGET_AND_DELETE|1a0695c4b40356b4e89e9b232985a020|MoMing\FormalLevels\Prefabs\L04_Content.prefab|375b7e3bc3317934c9a0141b486511dc|L04_Content_wall_lamp_(2)_wall_lamp.asset
RETARGET_AND_DELETE|bf05594f85e679c42a71517cc4fd058f|MoMing\FormalLevels\Prefabs\L04_Content.prefab|375b7e3bc3317934c9a0141b486511dc|L04_Content_wall_lamp_(20)_wall_lamp.asset
RETARGET_AND_DELETE|c626c7eceb4907f44810ccbe23feaa67|MoMing\FormalLevels\Prefabs\L04_Content.prefab|375b7e3bc3317934c9a0141b486511dc|L04_Content_wall_lamp_(21)_wall_lamp.asset
RETARGET_AND_DELETE|abc94573cfb128b41b4988712ac20f45|MoMing\FormalLevels\Prefabs\L04_Content.prefab|375b7e3bc3317934c9a0141b486511dc|L04_Content_wall_lamp_(22)_wall_lamp.asset
RETARGET_AND_DELETE|bc32c98b280823e49b7af49223f70181|MoMing\FormalLevels\Prefabs\L04_Content.prefab|375b7e3bc3317934c9a0141b486511dc|L04_Content_wall_lamp_(23)_wall_lamp.asset
RETARGET_AND_DELETE|2c4b5df373a9d794fb98e00af317f8a3|MoMing\FormalLevels\Prefabs\L04_Content.prefab|375b7e3bc3317934c9a0141b486511dc|L04_Content_wall_lamp_(24)_wall_lamp.asset
RETARGET_AND_DELETE|39396ce117256ea43bfc314eadfa0759|MoMing\FormalLevels\Prefabs\L04_Content.prefab|375b7e3bc3317934c9a0141b486511dc|L04_Content_wall_lamp_(25)_wall_lamp.asset
RETARGET_AND_DELETE|6b4cb1571def6b4408fc5e657ba07af1|MoMing\FormalLevels\Prefabs\L04_Content.prefab|375b7e3bc3317934c9a0141b486511dc|L04_Content_wall_lamp_(26)_wall_lamp.asset
RETARGET_AND_DELETE|c47e85c168e487740930e0bb483bd83f|MoMing\FormalLevels\Prefabs\L04_Content.prefab|375b7e3bc3317934c9a0141b486511dc|L04_Content_wall_lamp_(27)_wall_lamp.asset
RETARGET_AND_DELETE|40eb1585be5e2794384b958cd49a339a|MoMing\FormalLevels\Prefabs\L04_Content.prefab|375b7e3bc3317934c9a0141b486511dc|L04_Content_wall_lamp_(28)_wall_lamp.asset
RETARGET_AND_DELETE|9021e144dda1601418f0d47e7d425e1d|MoMing\FormalLevels\Prefabs\L04_Content.prefab|375b7e3bc3317934c9a0141b486511dc|L04_Content_wall_lamp_(29)_wall_lamp.asset
RETARGET_AND_DELETE|2e14673d93c2c574196a5308102314ea|MoMing\FormalLevels\Prefabs\L04_Content.prefab|375b7e3bc3317934c9a0141b486511dc|L04_Content_wall_lamp_(3)_wall_lamp.asset
RETARGET_AND_DELETE|1335fdfd75a67a94fa1fd57ab6f90857|MoMing\FormalLevels\Prefabs\L04_Content.prefab|375b7e3bc3317934c9a0141b486511dc|L04_Content_wall_lamp_(30)_wall_lamp.asset
RETARGET_AND_DELETE|214ba27841a7238498ef1010df992d2d|MoMing\FormalLevels\Prefabs\L04_Content.prefab|375b7e3bc3317934c9a0141b486511dc|L04_Content_wall_lamp_(31)_wall_lamp.asset
RETARGET_AND_DELETE|6a2d41d73d727764384292f82e6dd3e2|MoMing\FormalLevels\Prefabs\L04_Content.prefab|375b7e3bc3317934c9a0141b486511dc|L04_Content_wall_lamp_(32)_wall_lamp.asset
RETARGET_AND_DELETE|e9847687799384c44aef22585356631c|MoMing\FormalLevels\Prefabs\L04_Content.prefab|375b7e3bc3317934c9a0141b486511dc|L04_Content_wall_lamp_(33)_wall_lamp.asset
RETARGET_AND_DELETE|6634a736b0013374a82e59954f56bb66|MoMing\FormalLevels\Prefabs\L04_Content.prefab|375b7e3bc3317934c9a0141b486511dc|L04_Content_wall_lamp_(34)_wall_lamp.asset
RETARGET_AND_DELETE|6cb399344edb7e54aa4901acaeb0b32a|MoMing\FormalLevels\Prefabs\L04_Content.prefab|375b7e3bc3317934c9a0141b486511dc|L04_Content_wall_lamp_(35)_wall_lamp.asset
RETARGET_AND_DELETE|a930f8f2085862d438a50e249fc38488|MoMing\FormalLevels\Prefabs\L04_Content.prefab|375b7e3bc3317934c9a0141b486511dc|L04_Content_wall_lamp_(36)_wall_lamp.asset
RETARGET_AND_DELETE|b62278953d888cf499914e06101c6b73|MoMing\FormalLevels\Prefabs\L04_Content.prefab|375b7e3bc3317934c9a0141b486511dc|L04_Content_wall_lamp_(37)_wall_lamp.asset
RETARGET_AND_DELETE|139b7e05229ae4b4081a73b8c1c9f9a9|MoMing\FormalLevels\Prefabs\L04_Content.prefab|375b7e3bc3317934c9a0141b486511dc|L04_Content_wall_lamp_(38)_wall_lamp.asset
RETARGET_AND_DELETE|eba7dc6397da181498d6546da2986e84|MoMing\FormalLevels\Prefabs\L04_Content.prefab|375b7e3bc3317934c9a0141b486511dc|L04_Content_wall_lamp_(39)_wall_lamp.asset
RETARGET_AND_DELETE|340aff0670475aa439f91749870963c9|MoMing\FormalLevels\Prefabs\L04_Content.prefab|375b7e3bc3317934c9a0141b486511dc|L04_Content_wall_lamp_(4)_wall_lamp.asset
RETARGET_AND_DELETE|2e6063bb8a2152045a0259cdc65221e1|MoMing\FormalLevels\Prefabs\L04_Content.prefab|375b7e3bc3317934c9a0141b486511dc|L04_Content_wall_lamp_(40)_wall_lamp.asset
RETARGET_AND_DELETE|8ced4bf5e8d359c4494f464632d392ce|MoMing\FormalLevels\Prefabs\L04_Content.prefab|375b7e3bc3317934c9a0141b486511dc|L04_Content_wall_lamp_(41)_wall_lamp.asset
RETARGET_AND_DELETE|d5e658f827e1ac341ba48c78a15a8f3f|MoMing\FormalLevels\Prefabs\L04_Content.prefab|375b7e3bc3317934c9a0141b486511dc|L04_Content_wall_lamp_(42)_wall_lamp.asset
RETARGET_AND_DELETE|9ffb5141ab626ac4b8e952c4df2ca999|MoMing\FormalLevels\Prefabs\L04_Content.prefab|375b7e3bc3317934c9a0141b486511dc|L04_Content_wall_lamp_(43)_wall_lamp.asset
RETARGET_AND_DELETE|5e4ba40a65442ae4fac39d8a15cf140b|MoMing\FormalLevels\Prefabs\L04_Content.prefab|375b7e3bc3317934c9a0141b486511dc|L04_Content_wall_lamp_(5)_wall_lamp.asset
RETARGET_AND_DELETE|e400389dfed1a6a46a6efe37a38c489e|MoMing\FormalLevels\Prefabs\L04_Content.prefab|375b7e3bc3317934c9a0141b486511dc|L04_Content_wall_lamp_(6)_wall_lamp.asset
RETARGET_AND_DELETE|62d2da0376cd7a44c8cc9399412045c1|MoMing\FormalLevels\Prefabs\L04_Content.prefab|375b7e3bc3317934c9a0141b486511dc|L04_Content_wall_lamp_(7)_wall_lamp.asset
RETARGET_AND_DELETE|38ff56560ba9959448b19d3841920f49|MoMing\FormalLevels\Prefabs\L04_Content.prefab|375b7e3bc3317934c9a0141b486511dc|L04_Content_wall_lamp_(8)_wall_lamp.asset
RETARGET_AND_DELETE|db1b1361912f69e409a0ec40f344513c|MoMing\FormalLevels\Prefabs\L04_Content.prefab|375b7e3bc3317934c9a0141b486511dc|L04_Content_wall_lamp_(9)_wall_lamp.asset
RETARGET_AND_DELETE|35a449cb929bc1840bfcbac2a1e72bee|MoMing\FormalLevels\Prefabs\L02_Content.prefab|facc425956186c24799d675aff37dac4|L02_Content_medicine_bottle4_(11)_medicine bottle4.asset
RETARGET_AND_DELETE|14ae8dd25ac345a479dd9cd21a80b5a3|MoMing\FormalLevels\Prefabs\L02_Content.prefab|facc425956186c24799d675aff37dac4|L02_Content_medicine_bottle4_(12)_medicine bottle4.asset
RETARGET_AND_DELETE|8cfd3de1132c9d141873b4bc1a1029f9|MoMing\FormalLevels\Prefabs\L02_Content.prefab|facc425956186c24799d675aff37dac4|L02_Content_medicine_bottle4_(14)_medicine bottle4.asset
DELETE_ORPHAN|f50b000bf59e7714b94ae504265dee65|-|facc425956186c24799d675aff37dac4|medicine_bottle4_(10)_medicine_bottle4_31794.asset
DELETE_ORPHAN|65573cc800dd1814fb55c7bb679a4da0|-|facc425956186c24799d675aff37dac4|medicine_bottle4_(11)_medicine_bottle4_32200.asset
DELETE_ORPHAN|b18c78dc7006ae94da59c7c1358aca18|-|facc425956186c24799d675aff37dac4|medicine_bottle4_(12)_medicine_bottle4_31836.asset
DELETE_ORPHAN|d84b56cd1218cdc4a9e25a3dde6122ba|-|facc425956186c24799d675aff37dac4|medicine_bottle4_(14)_medicine_bottle4_31752.asset
DELETE_ORPHAN|21a497472d9cdb7498794779041d4d8d|-|e7123c9b81db57046b0df3d9fb4cd948|folded_files_(1)_folded_files_29114.asset
DELETE_ORPHAN|9a980af347b78a54c8c8a7dc16c4acc1|-|e7123c9b81db57046b0df3d9fb4cd948|folded_files_(2)_folded_files_33362.asset
RETARGET_AND_DELETE|bf38d1c2570f05848b9e09db9f3aa9ce|MoMing\FormalLevels\Prefabs\L01_Content.prefab|e7123c9b81db57046b0df3d9fb4cd948|L01_Content_Level01_SelectedArt_SourceManifest_SetDressing_folded_files_(1)_folded_files.asset
DELETE_ORPHAN|6c7dc20617b0ad04ab7a8b6e57ee90f5|-|124e41abe9cd5d64cbfc5fc1211af830|old鈥慺ashioned_CRT_monitor_pc_(1)_old鈥慺ashioned_CRT_monitor_pc_29198.asset
RETARGET_AND_DELETE|9e36453d4a4073146af981a72ddcadbe|MoMing\FormalLevels\Prefabs\L02_Content.prefab|7976e35450197f747b747d11c3b0ee19|L02_Content_medicine鈥慶art_(3)_mesh_node.asset
RETARGET_AND_DELETE|0fb04033a645f544ba77614e2e4dbfcc|MoMing\FormalLevels\Prefabs\L03_Content.prefab|7976e35450197f747b747d11c3b0ee19|L03_Content_medicine鈥慶art_(3)_mesh_node.asset
DELETE_ORPHAN|d78d41b3f41968e4fb9d74e2f25369f9|-|7976e35450197f747b747d11c3b0ee19|Level03ContentRoot_L03_Content_medicine鈥慶art_(3)_mesh_node.asset
DELETE_ORPHAN|9605dc24481339545906a1e911bec4ef|-|7976e35450197f747b747d11c3b0ee19|medicine鈥慶art_(1)_mesh_node_33068.asset
DELETE_ORPHAN|63ee27d50622f2646ae1b452d87751a4|-|7976e35450197f747b747d11c3b0ee19|medicine鈥慶art_(3)_mesh_node_32690.asset
RETARGET_AND_DELETE|fe21183ea8c09f34db4ccf7ca66f3204|MoMing\FormalLevels\Prefabs\L03_Content.prefab|7dc0f6d91fb698b489009fc4b2a79583|L03_Content_metal_grille_window_(3)_mesh_node.asset
RETARGET_AND_DELETE|68c7c16a0574c254b92be2dce125a33c|MoMing\FormalLevels\Prefabs\L04_Content.prefab|dd6aeef1800278f4b8e2f5605c7be9fd|L04_Content_wall5_(29)_wall5.asset
DELETE_ORPHAN|c8d52c3e37cb8d44db584a4794811feb|-|dd6aeef1800278f4b8e2f5605c7be9fd|wall5_(16)_wall5_33432.asset
DELETE_ORPHAN|cdaefcf07fcb2374cb69e6f7cf0e10e5|-|63a34a46e6f25f54ea564a0e4dde5710|Level03ContentRoot_L03_Content_picture8_(1)_picture8.asset
DELETE_ORPHAN|552b07933a5807740b61691106c15ee1|-|da81380354586bf45bacd53d1ded82fc|toy_bear_(1)_Mesh1.0_28820.asset
RETARGET_AND_DELETE|4a82b4f48cf4dec4192b1afee8f893da|MoMing\FormalLevels\Prefabs\L02_Content.prefab|d1a0117b02d550a40959b04379f21574|L02_Content_medicine_bottle5_(13)_medicine bottle5.asset
DELETE_ORPHAN|35f739613ebef2d46b4e4644880d5dbd|-|d1a0117b02d550a40959b04379f21574|medicine_bottle5_(12)_medicine_bottle5_31906.asset
DELETE_ORPHAN|43b466d6c15673b40803106d0918a60f|-|d1a0117b02d550a40959b04379f21574|medicine_bottle5_(13)_medicine_bottle5_31738.asset
RETARGET_AND_DELETE|66d8052e58885c34abf8645e14bcc7c7|MoMing\FormalLevels\Prefabs\L04_Content.prefab|a9d284e3f54c8074d966db5bd6f50374|L04_Content_wall5_(37)_wall5.asset
DELETE_ORPHAN|9784b7beae80cb148bfc737233fb28e1|-|30e5fbfdeb9298f47b17dad0083af6a0|broken_wall_(1)_broken_wall_28526.asset
DELETE_ORPHAN|9290476b67ccd4c4e969d8f76bf310f2|-|cce64d3a97128c5489ff801048caf5bd|cabinet_(1)_cabinet_28666.asset
RETARGET_AND_DELETE|26c0361c05fdec745beb05e9fa3ac1b5|MoMing\FormalLevels\Prefabs\L045_Content.prefab|58ac9cea14d4f5c448e1ce88f78e12ab|L045_Content_hospital_sign10_(2)_hospital sign10.asset
DELETE_ORPHAN|1f3de9d1f30b306458b2ef3473e1f884|-|58ac9cea14d4f5c448e1ce88f78e12ab|Level03ContentRoot_L03_Content_hospital_sign10_(1)_hospital sign10.asset
RETARGET_AND_DELETE|bb25a6730508ddb45add1c45109cfefb|MoMing\FormalLevels\Prefabs\L045_Content.prefab|f569e2cd93be9d647a4cceb17884835c|L045_Content_dog_(5)_mesh_node.asset
RETARGET_AND_DELETE|4ac7e129c96b14245a9dc92408e5bab9|MoMing\FormalLevels\Prefabs\L045_Content.prefab|f569e2cd93be9d647a4cceb17884835c|L045_Content_dog_(6)_mesh_node.asset
DELETE_ORPHAN|db847f1133c03be468da769036cf5f12|-|6e8050bfc34ef9647a319b141a3b73fe|Level03ContentRoot_L03_Content_window_curtain_(2)_window_curtain.asset
DELETE_ORPHAN|6112636ac1ade754084e2c1ec46c7dfa|-|43af0c3ceea69f647846d0e5bff59f55|Level03ContentRoot_L03_Content_metal_slide_(1)_metal_slide.asset
DELETE_ORPHAN|5d317e32bc7c14d45971ceaf9eb8c06a|-|231efeb8cf9c89a4da9e7c557bfc8015|medicine_bottle7_(3)_medicine_bottle7_31458.asset
RETARGET_AND_DELETE|bfc318f9cc22659438511ed17f29a429|MoMing\FormalLevels\Prefabs\L01_Content.prefab|b755fcbe82f00ad45918a0193d54878b|L01_Content_Level01_SelectedArt_SourceManifest_Architecture_wall3_(2)_wall3.asset
RETARGET_AND_DELETE|c5aa3e1daa293864da54b7244996704e|MoMing\FormalLevels\Prefabs\L01_Content.prefab|b755fcbe82f00ad45918a0193d54878b|L01_Content_Level01_SelectedArt_SourceManifest_Architecture_wall3_(3)_wall3.asset
RETARGET_AND_DELETE|70a73eea58b4ab64aa61c88ce0444a2f|MoMing\FormalLevels\Prefabs\L05_Content.prefab|b755fcbe82f00ad45918a0193d54878b|L05_Content_wall3_(4)_wall3.asset
DELETE_ORPHAN|3c2894317d5bcf64daeba9c86c7e4031|-|b755fcbe82f00ad45918a0193d54878b|wall3_(2)_wall3_28428.asset
DELETE_ORPHAN|8f2a45eec9dbaf8478551d1f13b90152|-|b755fcbe82f00ad45918a0193d54878b|wall3_(3)_wall3_28540.asset
DELETE_ORPHAN|c7af0713277aea14b91272b65d622999|-|b755fcbe82f00ad45918a0193d54878b|wall3_(7)_wall3_32522.asset
DELETE_ORPHAN|410e0c86b8e026f459493d110114b716|-|eb0559665c3a3bc4bb97986a65900e19|Level03ContentRoot_L03_Content_toy_dice_(5)_toy dice.asset
RETARGET_AND_DELETE|3ca58af984d59694b926bfcc0a41d239|MoMing\FormalLevels\Prefabs\L04_Content.prefab|5ce0df3ce63f3334e93de77e064795a7|L04_Content_FloorLamp_(2)_mesh_node.asset
RETARGET_AND_DELETE|6597c1a54f0d27e43829df9928b299dc|MoMing\FormalLevels\Prefabs\L045_Content.prefab|13d12d61aefea5c4387b44283a29ddb2|L045_Content_boy_(6)_mesh_node.asset
RETARGET_AND_DELETE|c798370f1c746f446b1a3c6c5e2a7e2d|MoMing\FormalLevels\Prefabs\L045_Content.prefab|13d12d61aefea5c4387b44283a29ddb2|L045_Content_boy_(7)_mesh_node.asset
DELETE_ORPHAN|ce0d66a345eb43943b2d1a68c1220e52|-|6852b9426e949a84d8b15db1c95ff95f|medicine_bottle1_(14)_medicine_bottle1_33488.asset
DELETE_ORPHAN|604d6f380f9f5c34da3dcbe51c9fa44c|-|4d6a14290a0303542ba09e24a88227ac|Level03ContentRoot_L03_Content_toy_dice_(7)_toy dice.asset
DELETE_ORPHAN|8fe5fd67e7252bb498ff29b8245cf8c2|-|c1f883d3dbbf03341a5df2ed019eb1c0|Level03ContentRoot_L03_Content_picture7_(1)_picture7.asset
DELETE_ORPHAN|c7da453562a4c4f4daaf288455122cc7|-|0d2cb10713261754cbdb654822d3dff1|Level03ContentRoot_L03_Content_toy_dice_(6)_toy dice.asset
RETARGET_AND_DELETE|9656d8c8768a6d5469201b1ba788e5b4|MoMing\FormalLevels\Prefabs\L02_Content.prefab|9377cdbfa22529846aade4bf86a08e6a|L02_Content_medicine_bottle3_(4)_medicine bottle3.asset
DELETE_ORPHAN|1191c6ec8b4cc4241b03f8d32080459d|-|9377cdbfa22529846aade4bf86a08e6a|medicine_bottle3_(3)_medicine_bottle3_31710.asset
DELETE_ORPHAN|d52366d9e4c17c548b2565e160ac464d|-|9377cdbfa22529846aade4bf86a08e6a|medicine_bottle3_(4)_medicine_bottle3_32494.asset
DELETE_ORPHAN|23d9457fe660be145af06bfafe4d5501|-|e15e6081fdcd55c459adc688cff1d673|hospital_sign7_(1)_hospital_sign7_29282.asset
DELETE_ORPHAN|91ea7df90aeaaad409f2fb585ea02156|-|e15e6081fdcd55c459adc688cff1d673|hospital_sign7_(2)_hospital_sign7_29184.asset
RETARGET_AND_DELETE|d657073b14ba2f64eb4c00306795e880|MoMing\FormalLevels\Prefabs\L01_Content.prefab|e15e6081fdcd55c459adc688cff1d673|L01_Content_Level01_SelectedArt_SourceManifest_SetDressing_hospital_sign7_(2)_hospital sign7.asset
DELETE_ORPHAN|5bf6b663504142f48861ec25b85c8eca|-|2f6f989be28c007419fcbb8659f64703|Level03ContentRoot_L03_Content_toy2_(3)_mesh_node.asset
DELETE_ORPHAN|b14b619cd338eef49911a351cbcdb06b|-|bfbf4974037634748a48511c9067e0c3|screen_(2)_mesh_node_29660.asset
RETARGET_AND_DELETE|7705cccae56b2a94294a18fdd4185ee9|MoMing\FormalLevels\Prefabs\L02_Content.prefab|85961ee8aa71fad428f587b2b4180766|L02_Content_waiting鈥憆oom_chairs_(2)_Mesh1.0.asset
RETARGET_AND_DELETE|ae2a118562679b742add6e392a770435|MoMing\FormalLevels\Prefabs\L02_Content.prefab|85961ee8aa71fad428f587b2b4180766|L02_Content_waiting鈥憆oom_chairs_(3)_Mesh1.0.asset
RETARGET_AND_DELETE|5becff21750b0b447a4f4dc96fd4a168|MoMing\FormalLevels\Prefabs\L02_Content.prefab|85961ee8aa71fad428f587b2b4180766|L02_Content_waiting鈥憆oom_chairs_(4)_Mesh1.0.asset
DELETE_ORPHAN|7ca4b0a1c7ebd3946990661955fb7c6e|-|85961ee8aa71fad428f587b2b4180766|waiting鈥憆oom_chairs_(1)_Mesh1.0_32312.asset
DELETE_ORPHAN|2eded0abe07da1f4e981469bea5316b6|-|85961ee8aa71fad428f587b2b4180766|waiting鈥憆oom_chairs_(2)_Mesh1.0_33138.asset
DELETE_ORPHAN|3061dca2a29bc5b45897d7d7ac272b5d|-|85961ee8aa71fad428f587b2b4180766|waiting鈥憆oom_chairs_(3)_Mesh1.0_32550.asset
DELETE_ORPHAN|b001eba35b5f66d45bfb6ed1c66d75c0|-|85961ee8aa71fad428f587b2b4180766|waiting鈥憆oom_chairs_(4)_Mesh1.0_33180.asset
DELETE_ORPHAN|5046dce79cccdc044a675e7236b3a099|-|349c4f20aaefeef45b7549e0351070b6|Level03ContentRoot_L03_Content_picture3_(1)_picture3.asset
RETARGET_AND_DELETE|7153fb1f8c5cec741ad3d2b07c2b0f60|MoMing\FormalLevels\Prefabs\L045_Content.prefab|e482787b54334bb4fa94e42c2c538859|L045_Content_wall_tile_(10)_mesh_node.asset
RETARGET_AND_DELETE|719c6fa1c9a7c6946b3c393c5bd536a6|MoMing\FormalLevels\Prefabs\L045_Content.prefab|e482787b54334bb4fa94e42c2c538859|L045_Content_wall_tile_(11)_mesh_node.asset
RETARGET_AND_DELETE|e99b58311426e1a43a7f17f3898bf169|MoMing\FormalLevels\Prefabs\L045_Content.prefab|e482787b54334bb4fa94e42c2c538859|L045_Content_wall_tile_(12)_mesh_node.asset
RETARGET_AND_DELETE|4541dbc6f69813146b1aab96ae00f212|MoMing\FormalLevels\Prefabs\L045_Content.prefab|e482787b54334bb4fa94e42c2c538859|L045_Content_wall_tile_(15)_mesh_node.asset
RETARGET_AND_DELETE|bebcbf23a0dde3f46a9223172a175746|MoMing\FormalLevels\Prefabs\L045_Content.prefab|e482787b54334bb4fa94e42c2c538859|L045_Content_wall_tile_(16)_mesh_node.asset
RETARGET_AND_DELETE|751baffd09bd17f44a84b6eb88e2ef99|MoMing\FormalLevels\Prefabs\L045_Content.prefab|e482787b54334bb4fa94e42c2c538859|L045_Content_wall_tile_(2)_mesh_node.asset
RETARGET_AND_DELETE|e0c83131d79ce6c4aa2a8688fd0072f9|MoMing\FormalLevels\Prefabs\L045_Content.prefab|e482787b54334bb4fa94e42c2c538859|L045_Content_wall_tile_(20)_mesh_node.asset
RETARGET_AND_DELETE|090f9ad789be9a34985cb9b065830223|MoMing\FormalLevels\Prefabs\L045_Content.prefab|e482787b54334bb4fa94e42c2c538859|L045_Content_wall_tile_(21)_mesh_node.asset
RETARGET_AND_DELETE|59f69e5f63e5f594f8fbebffc6ca24b7|MoMing\FormalLevels\Prefabs\L045_Content.prefab|e482787b54334bb4fa94e42c2c538859|L045_Content_wall_tile_(7)_mesh_node.asset
RETARGET_AND_DELETE|5481c8463cc34af4ba9f600a3bef51c5|MoMing\FormalLevels\Prefabs\L045_Content.prefab|e482787b54334bb4fa94e42c2c538859|L045_Content_wall_tile_(8)_mesh_node.asset
RETARGET_AND_DELETE|995766d40c1b57042aa5e93332e4d675|MoMing\FormalLevels\Prefabs\L045_Content.prefab|e482787b54334bb4fa94e42c2c538859|L045_Content_wall_tile_(9)_mesh_node.asset
DELETE_ORPHAN|93f6be003b6c9a249a84773bcf614338|-|dbac64f87d6ba4541a3a5c0826821aed|screen_(13)_mesh_node_32718.asset
DELETE_ORPHAN|5b3ba01c0aabd8e4697ade6f33054495|-|880da0d756095474ea0330416f995584|clock_(1)_clock_29464.asset
DELETE_ORPHAN|e4f78634551defc439eb556c0d23274d|-|880da0d756095474ea0330416f995584|clock_(2)_clock_28680.asset
RETARGET_AND_DELETE|36ce3ef98bce4dc47ba2f95097cd5898|MoMing\FormalLevels\Prefabs\L01_Content.prefab|880da0d756095474ea0330416f995584|L01_Content_Level01_SelectedArt_SourceManifest_SetDressing_clock_(1)_clock.asset
RETARGET_AND_DELETE|eddbe1481d18e204d8ae190de07df776|MoMing\FormalLevels\Prefabs\L01_Content.prefab|880da0d756095474ea0330416f995584|L01_Content_Level01_SelectedArt_SourceManifest_SetDressing_clock_(2)_clock.asset
DELETE_ORPHAN|b421c3fb4ee97e44c9a6a03d09c7bfb8|-|880da0d756095474ea0330416f995584|Level03ContentRoot_L03_Content_clock_(3)_clock.asset
DELETE_ORPHAN|be1e46f2059dad1479762c0674355461|-|cff564cc95a5abd4eb8d421a0ff1d179|Level03ContentRoot_L03_Content_metal_grille_door_(3)_mesh_node.asset
RETARGET_AND_DELETE|b9f6a6e9090287049ad80ea910e267be|MoMing\FormalLevels\Prefabs\L01_Content.prefab|743fe0cc07b6fcc4f9f3e7fc6106ec82|L01_Content_Level01_SelectedArt_SourceManifest_SetDressing_picture2_(1)_picture2.asset
RETARGET_AND_DELETE|451f4a2c39e17d04a9ac361499f2d5b7|MoMing\FormalLevels\Prefabs\L04_Content.prefab|743fe0cc07b6fcc4f9f3e7fc6106ec82|L04_Content_picture2_(2)_picture2.asset
DELETE_ORPHAN|7384c2d10b4878544b5c71c8b273faa4|-|743fe0cc07b6fcc4f9f3e7fc6106ec82|Level03ContentRoot_L03_Content_picture2_(3)_picture2.asset
DELETE_ORPHAN|714d7889ffd63c247a871d911b03288e|-|743fe0cc07b6fcc4f9f3e7fc6106ec82|picture2_(1)_picture2_29338.asset
DELETE_ORPHAN|8471caa7f02cb47418da6772fd2ceab8|-|15df62c96a1aef04da8d0e3a86f8441f|medicine_bottle3_(1)_medicine_bottle3_28876.asset
DELETE_ORPHAN|989650d0d6681f246801a16dbc8fcb2b|-|e5b8fbe487d264f449d49f10ade49468|rubbish_bin_(1)_rubbish_bin_28722.asset
DELETE_ORPHAN|9c2bb6fe02d45424f98d7074552f9127|-|3e3b137506eee7b4eb22f5d6c425f14c|wall5_(11)_wall5_28414.asset
DELETE_ORPHAN|95cd322ec31019645b3b3dbb0957ca76|-|d95d3406f0c8e4f4a90e3fa12dac4e50|TriageHallSign_(1)_mesh_node_32368.asset
RETARGET_AND_DELETE|26713cfb9ea97b148aa04d81e8b0f31d|MoMing\FormalLevels\Prefabs\L05_Content.prefab|f5d5c6ef06d772d4fa47153f200d66fb|L05_Content_medicine_bottle3_(15)_medicine bottle3.asset
RETARGET_AND_DELETE|478e28030fed9a24ba6ed57f9c92d0bc|MoMing\FormalLevels\Prefabs\L04_Content.prefab|b989b040a41cc1041a34a7a4eb9379ac|L04_Content_medicine_bottle4_(18)_medicine bottle4.asset
DELETE_ORPHAN|90e41a89bccf97149a7757d39bd67f7c|-|6309f6c7173db2c4891e41867370d852|Level03ContentRoot_L03_Content_RoomNumber4_(1)_RoomNumber4.asset
DELETE_ORPHAN|8926239110fb256429eb743df632dc3d|-|441815de659f4df4cb789601beecfb9d|low_wooden_stool_(1)_mesh_node_29478.asset
DELETE_ORPHAN|03c3e2e3e65b3ac499e0a718bc836982|-|e4beebe2a6c8a7c41834a93c2dd150fb|wall5_(2)_wall5_28386.asset
DELETE_ORPHAN|52808111519f099468c248b33d36b314|-|4c4aea0ed1b601b428870c9607dc6e84|Level03ContentRoot_L03_Content_polluted鈥憄rivacy_curtain_(2)_polluted鈥憄rivacy_curtain.asset
DELETE_ORPHAN|f1d88511c764d994a95906deb75aeacf|-|e10738bac1e15a245a4eaaa2d255c7cd|floor2_(1)_floor.001_28554.asset
DELETE_ORPHAN|d548db13271174a4ab14fc674c30f1b4|-|e10738bac1e15a245a4eaaa2d255c7cd|floor2_(3)_floor.001_33236.asset
DELETE_ORPHAN|2d658776ab5084445b113fc73d330f76|-|e10738bac1e15a245a4eaaa2d255c7cd|floor2_(4)_floor.001_32326.asset
DELETE_ORPHAN|4fcce350e09a8e14993f9c9fa77412a1|-|e10738bac1e15a245a4eaaa2d255c7cd|floor2_(6)_floor.001_33586.asset
RETARGET_AND_DELETE|3c35a9977076ff544a24e1d9f43dab00|MoMing\FormalLevels\Prefabs\L01_Content.prefab|e10738bac1e15a245a4eaaa2d255c7cd|L01_Content_Level01_SelectedArt_SourceManifest_Architecture_floor2_(1)_floor.001.asset
RETARGET_AND_DELETE|17a68ebec2df1eb469757cca6b75c599|MoMing\FormalLevels\Prefabs\L02_Content.prefab|e10738bac1e15a245a4eaaa2d255c7cd|L02_Content_floor2_(4)_floor.001.asset
RETARGET_AND_DELETE|42c96f44a53cf6e4aaa54d7c18fb7a3d|MoMing\FormalLevels\Prefabs\L02_Content.prefab|e10738bac1e15a245a4eaaa2d255c7cd|L02_Content_floor2_(6)_floor.001.asset
RETARGET_AND_DELETE|72ea57c505a39ed4ebb663f5b47ce0c4|MoMing\FormalLevels\Prefabs\L03_Content.prefab|e10738bac1e15a245a4eaaa2d255c7cd|L03_Content_floor2_(12)_floor.001.asset
RETARGET_AND_DELETE|088b17b0c8dd6d846b91b9464a674260|MoMing\FormalLevels\Prefabs\L03_Content.prefab|e10738bac1e15a245a4eaaa2d255c7cd|L03_Content_floor2_(13)_floor.001.asset
RETARGET_AND_DELETE|31134d1bf359ee14f834d0e95976fda2|MoMing\FormalLevels\Prefabs\L03_Content.prefab|e10738bac1e15a245a4eaaa2d255c7cd|L03_Content_floor2_(23)_floor.001.asset
RETARGET_AND_DELETE|df0021ab8c5421c418b59dba80306713|MoMing\FormalLevels\Prefabs\L03_Content.prefab|e10738bac1e15a245a4eaaa2d255c7cd|L03_Content_floor2_(6)_floor.001.asset
RETARGET_AND_DELETE|b0c03a16323ce08448a0173e184e1b68|MoMing\FormalLevels\Prefabs\L03_Content.prefab|e10738bac1e15a245a4eaaa2d255c7cd|L03_Content_floor2_(7)_floor.001.asset
RETARGET_AND_DELETE|ca116724d58254d4baf487580e07ba11|MoMing\FormalLevels\Prefabs\L03_Content.prefab|e10738bac1e15a245a4eaaa2d255c7cd|L03_Content_floor2_(8)_floor.001.asset
RETARGET_AND_DELETE|0271c1d46219b304ebe499ee1919d165|MoMing\FormalLevels\Prefabs\L04_Content.prefab|e10738bac1e15a245a4eaaa2d255c7cd|L04_Content_floor2_(10)_floor.001.asset
RETARGET_AND_DELETE|9660e10bf1d903a498aa3e81ceb292fc|MoMing\FormalLevels\Prefabs\L04_Content.prefab|e10738bac1e15a245a4eaaa2d255c7cd|L04_Content_floor2_(11)_floor.001.asset
RETARGET_AND_DELETE|6dba0374f573e5242be0782b5c889483|MoMing\FormalLevels\Prefabs\L04_Content.prefab|e10738bac1e15a245a4eaaa2d255c7cd|L04_Content_floor2_(14)_floor.001.asset
RETARGET_AND_DELETE|b62f09a860fa0b845aec0644c1c454e5|MoMing\FormalLevels\Prefabs\L04_Content.prefab|e10738bac1e15a245a4eaaa2d255c7cd|L04_Content_floor2_(15)_floor.001.asset
RETARGET_AND_DELETE|ee819a50d9e77a44a844e53a13dbd024|MoMing\FormalLevels\Prefabs\L04_Content.prefab|e10738bac1e15a245a4eaaa2d255c7cd|L04_Content_floor2_(16)_floor.001.asset
RETARGET_AND_DELETE|fd57a17bb9b7c1847a560fec3c7c83cf|MoMing\FormalLevels\Prefabs\L04_Content.prefab|e10738bac1e15a245a4eaaa2d255c7cd|L04_Content_floor2_(17)_floor.001.asset
RETARGET_AND_DELETE|7e58578cbd7ceef4abec7de237bd0cf2|MoMing\FormalLevels\Prefabs\L04_Content.prefab|e10738bac1e15a245a4eaaa2d255c7cd|L04_Content_floor2_(18)_floor.001.asset
RETARGET_AND_DELETE|91d18f1010ebd7f42bae1f9dd6ea4bca|MoMing\FormalLevels\Prefabs\L04_Content.prefab|e10738bac1e15a245a4eaaa2d255c7cd|L04_Content_floor2_(19)_floor.001.asset
RETARGET_AND_DELETE|b3b4df35f97dce440934e66c6c65e8db|MoMing\FormalLevels\Prefabs\L05_Content.prefab|e10738bac1e15a245a4eaaa2d255c7cd|L05_Content_floor2_(20)_floor.001.asset
RETARGET_AND_DELETE|51cce397fc5dc3f47bb42950e45765be|MoMing\FormalLevels\Prefabs\L05_Content.prefab|e10738bac1e15a245a4eaaa2d255c7cd|L05_Content_floor2_(21)_floor.001.asset
RETARGET_AND_DELETE|fe5aed03f2823f74eaa512accd47b3a9|MoMing\FormalLevels\Prefabs\L05_Content.prefab|e10738bac1e15a245a4eaaa2d255c7cd|L05_Content_floor2_(22)_floor.001.asset
RETARGET_AND_DELETE|ba435121f637783429c03a894c58038b|MoMing\FormalLevels\Prefabs\L05_Content.prefab|e10738bac1e15a245a4eaaa2d255c7cd|L05_Content_floor2_(25)_floor.001.asset
RETARGET_AND_DELETE|c743d7ef125b1dd4ca158bd90edf88c1|MoMing\FormalLevels\Prefabs\L05_Content.prefab|e10738bac1e15a245a4eaaa2d255c7cd|L05_Content_floor2_(26)_floor.001.asset
DELETE_ORPHAN|eb0fdfc436e05eb47babccdf650d387c|-|e10738bac1e15a245a4eaaa2d255c7cd|Level03ContentRoot_L03_Content_floor2_(12)_floor.001.asset
DELETE_ORPHAN|03c5da200663065448b30520e39ab0f6|-|e10738bac1e15a245a4eaaa2d255c7cd|Level03ContentRoot_L03_Content_floor2_(13)_floor.001.asset
DELETE_ORPHAN|c2d9c4802494d4c4db932efd734dc021|-|e10738bac1e15a245a4eaaa2d255c7cd|Level03ContentRoot_L03_Content_floor2_(23)_floor.001.asset
DELETE_ORPHAN|200f21ec7c2ed074d9cb20714febbb0b|-|e10738bac1e15a245a4eaaa2d255c7cd|Level03ContentRoot_L03_Content_floor2_(6)_floor.001.asset
DELETE_ORPHAN|15b35d076358cda4785e559b29421b14|-|e10738bac1e15a245a4eaaa2d255c7cd|Level03ContentRoot_L03_Content_floor2_(7)_floor.001.asset
DELETE_ORPHAN|02e361cd0abb26c4daa20836d25c3ff3|-|e10738bac1e15a245a4eaaa2d255c7cd|Level03ContentRoot_L03_Content_floor2_(8)_floor.001.asset
DELETE_ORPHAN|5484b225cd61d1f428ec8e38c86cc3ca|-|024ea51cf9a70fd47a7084f639125262|medicine_bottle2_(3)_medicine_bottle2_33222.asset
DELETE_ORPHAN|871c650ee6b271a4da7ea0a048a43f7e|-|4f0d72291b8a7de4486260c804b1d4f8|old_clipboard_(5)_old_clipboard_31822.asset
RETARGET_AND_DELETE|2713ffc1d9032d54d8731c515da6819f|MoMing\FormalLevels\Prefabs\L03_Content.prefab|c27a363eb201bd943a56fbced69cee79|L03_Content_Pedal2_(3)_mesh_node.asset
RETARGET_AND_DELETE|687e1f481fce130459be66ac5de472ce|MoMing\FormalLevels\Prefabs\L03_Content.prefab|c27a363eb201bd943a56fbced69cee79|L03_Content_Pedal2_(4)_mesh_node.asset
RETARGET_AND_DELETE|128bf34fbfbc3b14b8fb648437a8bea6|MoMing\FormalLevels\Prefabs\L03_Content.prefab|c27a363eb201bd943a56fbced69cee79|L03_Content_Pedal2_(5)_mesh_node.asset
RETARGET_AND_DELETE|11225b510d2ce0947bd80f13684f7b78|MoMing\FormalLevels\Prefabs\L03_Content.prefab|c27a363eb201bd943a56fbced69cee79|L03_Content_Pedal2_(6)_mesh_node.asset
DELETE_ORPHAN|2174f071596ae474bafc5e8ff0b3a3c2|-|c27a363eb201bd943a56fbced69cee79|Level03ContentRoot_L03_Content_Pedal2_(3)_mesh_node.asset
DELETE_ORPHAN|35aecadb247d3c84a863e2182fc1932d|-|c27a363eb201bd943a56fbced69cee79|Level03ContentRoot_L03_Content_Pedal2_(4)_mesh_node.asset
DELETE_ORPHAN|710e41fbb69814346988a06199b3b8b3|-|c27a363eb201bd943a56fbced69cee79|Level03ContentRoot_L03_Content_Pedal2_(5)_mesh_node.asset
DELETE_ORPHAN|2b782d434057fc2429d6ee39f77dab36|-|c27a363eb201bd943a56fbced69cee79|Level03ContentRoot_L03_Content_Pedal2_(6)_mesh_node.asset
DELETE_ORPHAN|446a9028fde0c2a4ba31b680713dae15|-|c27a363eb201bd943a56fbced69cee79|Pedal2_(2)_mesh_node_33446.asset
DELETE_ORPHAN|711767f546ea1cb4b8b3a4627df51aa3|-|765fd54758b367f40907ec09c5d5ff65|triage_desk_(1)_mesh_node_33418.asset
RETARGET_AND_DELETE|feef7c1b0499cb34da940720881679b2|MoMing\FormalLevels\Prefabs\L045_Content.prefab|5a16e4dfafee7d84088a9904a6aded6e|L045_Content_medical_trolley_(4)_mesh_node.asset
RETARGET_AND_DELETE|d0e01c08262a42f4ab7f7ce73e754f9b|MoMing\FormalLevels\Prefabs\L04_Content.prefab|5a16e4dfafee7d84088a9904a6aded6e|L04_Content_medical_trolley_(2)_mesh_node.asset
RETARGET_AND_DELETE|ffce3027d3560b54b91cfecef268169c|MoMing\FormalLevels\Prefabs\L04_Content.prefab|5a16e4dfafee7d84088a9904a6aded6e|L04_Content_medical_trolley_(3)_mesh_node.asset
DELETE_ORPHAN|d91454db6e473854687288b7c135ea9a|-|4cf7736c3c03e8741a83ef6d845a622b|screen_(8)_mesh_node_31626.asset
DELETE_ORPHAN|915d9be4c9675a846aed00e7c6ea07b0|-|e88f4bcd9e49de44d8e029e2b981ff17|Level03ContentRoot_L03_Content_big_metal_locker_(3)_big metal locker   .asset
RETARGET_AND_DELETE|a62f387a07c902342b50ed1af9ebd4f9|MoMing\FormalLevels\Prefabs\L01_Content.prefab|9c28baf7f5f85e64ab165a68495083d8|L01_Content_Level01_SelectedArt_SourceManifest_SetDressing_picture1_(1)_picture1.asset
RETARGET_AND_DELETE|1e316cb53b00d6c4c9f5299531b15242|MoMing\FormalLevels\Prefabs\L04_Content.prefab|9c28baf7f5f85e64ab165a68495083d8|L04_Content_picture1_(2)_picture1.asset
DELETE_ORPHAN|df9cd7f3df4fd704cacbae5ae71c10b2|-|9c28baf7f5f85e64ab165a68495083d8|Level03ContentRoot_L03_Content_picture1_(3)_picture1.asset
DELETE_ORPHAN|4665f8d6282f850438d5ccd92884fe35|-|9c28baf7f5f85e64ab165a68495083d8|picture1_(1)_picture1_29086.asset
DELETE_ORPHAN|1dea78da538659e4f80fff7106f7d7b8|-|5f0d45ec89d80714ca6fe1dd23a6e901|Level03ContentRoot_L03_Content_wall5_(41)_wall5.asset
DELETE_ORPHAN|c555014a669643740972952ef7c5d934|-|94a3042ea7ae1be4690ce1c224ab614e|Level03ContentRoot_L03_Content_toy_dice_(9)_toy dice.asset
DELETE_ORPHAN|38221afff6fc0a14290c22f7ad4b2ddf|-|cb8f1be629941d149bfc86a2f61b0682|wheelchair_(3)_wheelchair_31640.asset
RETARGET_AND_DELETE|2403453ef4d5b344f90d21f55a2450ad|MoMing\FormalLevels\Prefabs\L045_Content.prefab|bc9c62a1a8752c1469c46ba769579673|L045_Content_Restroom1_(14)_Restroom1.asset
RETARGET_AND_DELETE|7baf8b31605514b48b2f11cdb31446c1|MoMing\FormalLevels\Prefabs\L045_Content.prefab|bc9c62a1a8752c1469c46ba769579673|L045_Content_Restroom1_(15)_Restroom1.asset
RETARGET_AND_DELETE|cef053718260ae04cb0e0e9e896c1080|MoMing\FormalLevels\Prefabs\L045_Content.prefab|bc9c62a1a8752c1469c46ba769579673|L045_Content_Restroom1_(16)_Restroom1.asset
RETARGET_AND_DELETE|04006624cd59fd84f9150fde9cbc70d1|MoMing\FormalLevels\Prefabs\L045_Content.prefab|bc9c62a1a8752c1469c46ba769579673|L045_Content_Restroom1_(17)_Restroom1.asset
RETARGET_AND_DELETE|9584bcc99b2fa334886b61d6aecf3e38|MoMing\FormalLevels\Prefabs\L045_Content.prefab|bc9c62a1a8752c1469c46ba769579673|L045_Content_Restroom1_(18)_Restroom1.asset
RETARGET_AND_DELETE|ed4153637ee45104e94301eb5edf31d3|MoMing\FormalLevels\Prefabs\L045_Content.prefab|bc9c62a1a8752c1469c46ba769579673|L045_Content_Restroom1_(19)_Restroom1.asset
RETARGET_AND_DELETE|897318da17f470145b94c4fbbcfadbfa|MoMing\FormalLevels\Prefabs\L045_Content.prefab|bc9c62a1a8752c1469c46ba769579673|L045_Content_Restroom1_(20)_Restroom1.asset
RETARGET_AND_DELETE|4dbad5aef2f236c4d926091cee9f0f33|MoMing\FormalLevels\Prefabs\L045_Content.prefab|bc9c62a1a8752c1469c46ba769579673|L045_Content_Restroom1_(21)_Restroom1.asset
RETARGET_AND_DELETE|03c97f2aa228b4d49a8019c20f1a2ca6|MoMing\FormalLevels\Prefabs\L045_Content.prefab|bc9c62a1a8752c1469c46ba769579673|L045_Content_Restroom1_(22)_Restroom1.asset
RETARGET_AND_DELETE|b1fcdd23f66cb2649835c2a2ffd4c8c1|MoMing\FormalLevels\Prefabs\L045_Content.prefab|bc9c62a1a8752c1469c46ba769579673|L045_Content_Restroom1_(23)_Restroom1.asset
RETARGET_AND_DELETE|c385592523ca7b94fb001f9f7d24dcfb|MoMing\FormalLevels\Prefabs\L045_Content.prefab|bc9c62a1a8752c1469c46ba769579673|L045_Content_Restroom1_(24)_Restroom1.asset
RETARGET_AND_DELETE|dc5f6d508c4b6b74da9636efef23197a|MoMing\FormalLevels\Prefabs\L045_Content.prefab|bc9c62a1a8752c1469c46ba769579673|L045_Content_Restroom1_(25)_Restroom1.asset
RETARGET_AND_DELETE|cad1b75c448dced4ca679f32b5f3e9f5|MoMing\FormalLevels\Prefabs\L045_Content.prefab|bc9c62a1a8752c1469c46ba769579673|L045_Content_Restroom1_(26)_Restroom1.asset
RETARGET_AND_DELETE|2db77c086cfbd554c93bcb463b603c71|MoMing\FormalLevels\Prefabs\L045_Content.prefab|bc9c62a1a8752c1469c46ba769579673|L045_Content_Restroom1_(27)_Restroom1.asset
RETARGET_AND_DELETE|c0f879eaa55b44440a857b4cb3aab7a0|MoMing\FormalLevels\Prefabs\L045_Content.prefab|bc9c62a1a8752c1469c46ba769579673|L045_Content_Restroom1_(28)_Restroom1.asset
RETARGET_AND_DELETE|921de0ba1ed536341a45669d64df00bb|MoMing\FormalLevels\Prefabs\L045_Content.prefab|bc9c62a1a8752c1469c46ba769579673|L045_Content_Restroom1_(29)_Restroom1.asset
RETARGET_AND_DELETE|c556bb6330baf074daa077541e8fb4f6|MoMing\FormalLevels\Prefabs\L045_Content.prefab|bc9c62a1a8752c1469c46ba769579673|L045_Content_Restroom1_(30)_Restroom1.asset
RETARGET_AND_DELETE|c82d3c7c3c62e354aa1b4b0dd3abc9f8|MoMing\FormalLevels\Prefabs\L045_Content.prefab|bc9c62a1a8752c1469c46ba769579673|L045_Content_Restroom1_(31)_Restroom1.asset
RETARGET_AND_DELETE|3b1c52722280ccd4f8d1b4e5ddf0846a|MoMing\FormalLevels\Prefabs\L045_Content.prefab|bc9c62a1a8752c1469c46ba769579673|L045_Content_Restroom1_(32)_Restroom1.asset
RETARGET_AND_DELETE|cb0a00600d2687b4dbf7c1664b1c44a8|MoMing\FormalLevels\Prefabs\L045_Content.prefab|bc9c62a1a8752c1469c46ba769579673|L045_Content_Restroom1_(33)_Restroom1.asset
RETARGET_AND_DELETE|93356e99794ae964db695e1e96c082b6|MoMing\FormalLevels\Prefabs\L045_Content.prefab|bc9c62a1a8752c1469c46ba769579673|L045_Content_Restroom1_(34)_Restroom1.asset
RETARGET_AND_DELETE|e31c25a285522a8429f77d1a68bb0b0b|MoMing\FormalLevels\Prefabs\L045_Content.prefab|bc9c62a1a8752c1469c46ba769579673|L045_Content_Restroom1_(35)_Restroom1.asset
RETARGET_AND_DELETE|046d9fb43add7084aafcc6d96494f63b|MoMing\FormalLevels\Prefabs\L045_Content.prefab|bc9c62a1a8752c1469c46ba769579673|L045_Content_Restroom1_(36)_Restroom1.asset
RETARGET_AND_DELETE|a4d22ed6b3c3fcd429f9558680060a3c|MoMing\FormalLevels\Prefabs\L045_Content.prefab|bc9c62a1a8752c1469c46ba769579673|L045_Content_Restroom1_(37)_Restroom1.asset
RETARGET_AND_DELETE|02e4948803915e643960d050ebc5597a|MoMing\FormalLevels\Prefabs\L045_Content.prefab|bc9c62a1a8752c1469c46ba769579673|L045_Content_Restroom1_(38)_Restroom1.asset
RETARGET_AND_DELETE|6e7bd7ff0d798ad42ad5227054120729|MoMing\FormalLevels\Prefabs\L045_Content.prefab|bc9c62a1a8752c1469c46ba769579673|L045_Content_Restroom1_(39)_Restroom1.asset
RETARGET_AND_DELETE|e272e947806422846ae4c5ab03d150da|MoMing\FormalLevels\Prefabs\L045_Content.prefab|bc9c62a1a8752c1469c46ba769579673|L045_Content_Restroom1_(40)_Restroom1.asset
RETARGET_AND_DELETE|2d1f4ec966cddd7499ce6d1e3c446c3b|MoMing\FormalLevels\Prefabs\L045_Content.prefab|bc9c62a1a8752c1469c46ba769579673|L045_Content_Restroom1_(41)_Restroom1.asset
RETARGET_AND_DELETE|150e4436ecaaea94ea1b8554d870b775|MoMing\FormalLevels\Prefabs\L045_Content.prefab|bc9c62a1a8752c1469c46ba769579673|L045_Content_Restroom1_(42)_Restroom1.asset
RETARGET_AND_DELETE|9a1cdbdfde6fa7547a822aef4fcdb3c1|MoMing\FormalLevels\Prefabs\L045_Content.prefab|bc9c62a1a8752c1469c46ba769579673|L045_Content_Restroom1_(43)_Restroom1.asset
RETARGET_AND_DELETE|765d4c8a0f777e143b7d992b2c2ec92e|MoMing\FormalLevels\Prefabs\L045_Content.prefab|bc9c62a1a8752c1469c46ba769579673|L045_Content_Restroom1_(44)_Restroom1.asset
RETARGET_AND_DELETE|803b2ad77126e8e4bb35eb2beadb8194|MoMing\FormalLevels\Prefabs\L045_Content.prefab|bc9c62a1a8752c1469c46ba769579673|L045_Content_Restroom1_(7)_Restroom1.asset
RETARGET_AND_DELETE|05cb0ffbc8f0fc44eb1c35465774c681|MoMing\FormalLevels\Prefabs\L05_Content.prefab|bc9c62a1a8752c1469c46ba769579673|L05_Content_Restroom1_(10)_Restroom1.asset
RETARGET_AND_DELETE|1bcb1ba1dffea8a45869698ece01e09d|MoMing\FormalLevels\Prefabs\L05_Content.prefab|bc9c62a1a8752c1469c46ba769579673|L05_Content_Restroom1_(11)_Restroom1.asset
RETARGET_AND_DELETE|6c00180f07f9d98499cd2e5302ba2f1b|MoMing\FormalLevels\Prefabs\L05_Content.prefab|bc9c62a1a8752c1469c46ba769579673|L05_Content_Restroom1_(12)_Restroom1.asset
RETARGET_AND_DELETE|ec4cff97164533340bce9e6914e8a547|MoMing\FormalLevels\Prefabs\L05_Content.prefab|bc9c62a1a8752c1469c46ba769579673|L05_Content_Restroom1_(13)_Restroom1.asset
RETARGET_AND_DELETE|43bdf64321f6b004d968b09bd8d86fc7|MoMing\FormalLevels\Prefabs\L05_Content.prefab|bc9c62a1a8752c1469c46ba769579673|L05_Content_Restroom1_(4)_Restroom1.asset
RETARGET_AND_DELETE|97cb32e2e2ca4e84a8a1d3adcfbb5d2f|MoMing\FormalLevels\Prefabs\L05_Content.prefab|bc9c62a1a8752c1469c46ba769579673|L05_Content_Restroom1_(5)_Restroom1.asset
RETARGET_AND_DELETE|57f80ec53104d75488c05bd1c9a0c53c|MoMing\FormalLevels\Prefabs\L05_Content.prefab|bc9c62a1a8752c1469c46ba769579673|L05_Content_Restroom1_(6)_Restroom1.asset
RETARGET_AND_DELETE|562f5f540c047884386e9d84f0bd6eb6|MoMing\FormalLevels\Prefabs\L05_Content.prefab|bc9c62a1a8752c1469c46ba769579673|L05_Content_Restroom1_(8)_Restroom1.asset
RETARGET_AND_DELETE|516ba4d759c50524086ecdc5d5cf8c10|MoMing\FormalLevels\Prefabs\L05_Content.prefab|bc9c62a1a8752c1469c46ba769579673|L05_Content_Restroom1_(9)_Restroom1.asset
RETARGET_AND_DELETE|bfa89d4aa68109c4984b8186a653c9ff|MoMing\FormalLevels\Prefabs\L05_Content.prefab|e2ae1ed61d13975438e6dbdd9fa75503|L05_Content_Pedal1_(11)_mesh_node.asset
DELETE_ORPHAN|8112a35ee0a194848839bab656539546|-|59d4b56b6b97f9843923be893983c803|hospital_sign6_(1)_hospital_sign6_33040.asset
DELETE_ORPHAN|ca7ec4230ec96ca4eba90eb5c21f4f69|-|2c09f73a49b0c1247af9131c6e92f3a4|drug_storage_shelf_(1)_mesh_node_32914.asset
RETARGET_AND_DELETE|a2f76a473605a294c89f9c6f82b9c5a9|MoMing\FormalLevels\Prefabs\L03_Content.prefab|2c09f73a49b0c1247af9131c6e92f3a4|L03_Content_drug_storage_shelf_(3)_mesh_node.asset
RETARGET_AND_DELETE|30bb059eaf2670549a84d441e2c09572|MoMing\FormalLevels\Prefabs\L04_Content.prefab|2c09f73a49b0c1247af9131c6e92f3a4|L04_Content_drug_storage_shelf_(3)_mesh_node.asset
RETARGET_AND_DELETE|ad048bca6b39c1845913057dbe881d0e|MoMing\FormalLevels\Prefabs\L04_Content.prefab|2c09f73a49b0c1247af9131c6e92f3a4|L04_Content_drug_storage_shelf_(4)_mesh_node.asset
DELETE_ORPHAN|50cf38f894eaf064182cb619d1c9e983|-|2c09f73a49b0c1247af9131c6e92f3a4|Level03ContentRoot_L03_Content_drug_storage_shelf_(3)_mesh_node.asset
DELETE_ORPHAN|a12ad5f00b8a3c446852150f99acfb75|-|bae880809ac6f114d98863265deb28a5|hospital_sign2_(1)_hospital_sign2_32592.asset
DELETE_ORPHAN|d3535086b4438cc4eacbc8e7c24e05cf|-|5b62282a1daa06d449c540df88de8f3d|wall4_(1)_wall4_33110.asset
RETARGET_AND_DELETE|b3234cc86c065ab428e86252184af4c2|MoMing\FormalLevels\Prefabs\L05_Content.prefab|44cc1b23874cb274eb98d9bb70424e6f|L05_Content_VintageWoodenBookCabinet_(2)_tripo_node_a5c5db3a.asset
DELETE_ORPHAN|7a8e2a0544efdd0478353d2d38a5c600|-|0904c18c4b8089348bd3b3d57289ba3e|wall5_(10)_wall5_28470.asset
RETARGET_AND_DELETE|cba846093972aeb499924964672dda7a|MoMing\FormalLevels\Prefabs\L045_Content.prefab|546505b8f09bc6c41b439311915abc0c|L045_Content_door3_(2)_mesh_node.asset
RETARGET_AND_DELETE|ebb32cc51fdf30740829236df2d5e402|MoMing\FormalLevels\Prefabs\L045_Content.prefab|546505b8f09bc6c41b439311915abc0c|L045_Content_door3_(3)_mesh_node.asset
RETARGET_AND_DELETE|59cd2c9b8787fdd4e9c33015bd58af04|MoMing\FormalLevels\Prefabs\L045_Content.prefab|546505b8f09bc6c41b439311915abc0c|L045_Content_door3_(4)_mesh_node.asset
RETARGET_AND_DELETE|41cb11d976b8c7b419f962ac76a9d4a4|MoMing\FormalLevels\Prefabs\L045_Content.prefab|546505b8f09bc6c41b439311915abc0c|L045_Content_door3_(5)_mesh_node.asset
RETARGET_AND_DELETE|a7139057348bd9c429692550395c7d30|MoMing\FormalLevels\Prefabs\L045_Content.prefab|546505b8f09bc6c41b439311915abc0c|L045_Content_door3_(6)_mesh_node.asset
RETARGET_AND_DELETE|1e0cb6304cacbd94d99aaf5e762116d7|MoMing\FormalLevels\Prefabs\L045_Content.prefab|546505b8f09bc6c41b439311915abc0c|L045_Content_door3_(7)_mesh_node.asset
RETARGET_AND_DELETE|9c6fd7cd619513b43a3cf6df48ec1d1c|MoMing\FormalLevels\Prefabs\L045_Content.prefab|546505b8f09bc6c41b439311915abc0c|L045_Content_door3_(8)_mesh_node.asset
RETARGET_AND_DELETE|7ea9dbaf9feda454a98c4afa10c1fcce|MoMing\FormalLevels\Prefabs\L045_Content.prefab|546505b8f09bc6c41b439311915abc0c|L045_Content_door3_(9)_mesh_node.asset
DELETE_ORPHAN|bfe8ac1ce803e104cbeb260296449487|-|82215415229829140a69daaadf6c8221|wall5_(14)_wall5_33558.asset
DELETE_ORPHAN|af146a11e3ae80742901e479f53d39e5|-|ed1775ab950722047b879b84ea062d7a|medicine_bottle1_(10)_medicine_bottle1_32410.asset
DELETE_ORPHAN|3c33b8ce0b1b17048abb6cdd037b64bc|-|9143932b687b8c0419e2527f8e5d9375|carpet_(2)_mesh_node_28764.asset
RETARGET_AND_DELETE|bc6f00a1396aa87469094b94cb1c93c7|MoMing\FormalLevels\Prefabs\L02_Content.prefab|c5324496c2c21624e9d8d94b2aacb616|L02_Content_medicine_bottle5_(11)_medicine bottle5.asset
RETARGET_AND_DELETE|0b1984648563b2145bb84656dc0c0411|MoMing\FormalLevels\Prefabs\L02_Content.prefab|c5324496c2c21624e9d8d94b2aacb616|L02_Content_medicine_bottle5_(8)_medicine bottle5.asset
RETARGET_AND_DELETE|e7d49aca2bca7f844a2bdaab69d729eb|MoMing\FormalLevels\Prefabs\L02_Content.prefab|c5324496c2c21624e9d8d94b2aacb616|L02_Content_medicine_bottle5_(9)_medicine bottle5.asset
DELETE_ORPHAN|eb1afd9ed84bac646b3db3c0a60bcdf3|-|c5324496c2c21624e9d8d94b2aacb616|medicine_bottle5_(11)_medicine_bottle5_32886.asset
DELETE_ORPHAN|67f365258c56a5541909bbd18e6560a6|-|c5324496c2c21624e9d8d94b2aacb616|medicine_bottle5_(7)_medicine_bottle5_31920.asset
DELETE_ORPHAN|68e7fcc910386324586fd4fafcf04b33|-|c5324496c2c21624e9d8d94b2aacb616|medicine_bottle5_(8)_medicine_bottle5_32704.asset
DELETE_ORPHAN|654da26f86e640845b3dece71a69e69a|-|c5324496c2c21624e9d8d94b2aacb616|medicine_bottle5_(9)_medicine_bottle5_32844.asset
RETARGET_AND_DELETE|46c06a574066eac4ebdc177c9a660790|MoMing\FormalLevels\Prefabs\L04_Content.prefab|a1fbffb60bb0fca429e99f2a62234a07|L04_Content_medicine_bottle4_(5)_medicine bottle4.asset
DELETE_ORPHAN|42b7639847a487943baee6655a562d60|-|a1fbffb60bb0fca429e99f2a62234a07|medicine_bottle4_(4)_medicine_bottle4_32760.asset
DELETE_ORPHAN|8c9baf0be2cbcda45a15b1b4b3b45c9b|-|7716a63d96bd37048a2bb4d0ef4af758|wall1_(1)_wall1_28512.asset
RETARGET_AND_DELETE|8eb5d53f48c9df549ba738d08955dec6|MoMing\FormalLevels\Prefabs\L05_Content.prefab|ccf8112513c68b74e9a77e76b4647c7e|L05_Content_Pedal2_(11)_mesh_node.asset
DELETE_ORPHAN|77b94eb5a2c587f489cb6bf7565e4676|-|06beb2c80e6c2ca45bfbb8bd1bcea54f|medicine_bottle4_(6)_medicine_bottle4_31808.asset
RETARGET_AND_DELETE|f3fd7dbb586660f47be520810b28a4f9|MoMing\FormalLevels\Prefabs\L02_Content.prefab|5e2c3ba3540cb9c48b02d6fef04c59b5|L02_Content_medicine_bottle3_(6)_medicine bottle3.asset
RETARGET_AND_DELETE|2a6e55754f28582468326f851ee61be8|MoMing\FormalLevels\Prefabs\L02_Content.prefab|5e2c3ba3540cb9c48b02d6fef04c59b5|L02_Content_medicine_bottle3_(7)_medicine bottle3.asset
RETARGET_AND_DELETE|4f00ad8ad0e85e747b2f2615e5cb76a6|MoMing\FormalLevels\Prefabs\L02_Content.prefab|5e2c3ba3540cb9c48b02d6fef04c59b5|L02_Content_medicine_bottle3_(8)_medicine bottle3.asset
DELETE_ORPHAN|9f2575a65f8c3d24585c43d771923720|-|5e2c3ba3540cb9c48b02d6fef04c59b5|medicine_bottle3_(5)_medicine_bottle3_33208.asset
DELETE_ORPHAN|b936e5d11ae9b984ebc419c722b25a9c|-|5e2c3ba3540cb9c48b02d6fef04c59b5|medicine_bottle3_(6)_medicine_bottle3_33460.asset
DELETE_ORPHAN|0fb2e3e7ae1a4304e96c02ff92a51448|-|5e2c3ba3540cb9c48b02d6fef04c59b5|medicine_bottle3_(7)_medicine_bottle3_31850.asset
DELETE_ORPHAN|4225321bb16054143a496d2522646ef6|-|5e2c3ba3540cb9c48b02d6fef04c59b5|medicine_bottle3_(8)_medicine_bottle3_32242.asset
DELETE_ORPHAN|a8f6fcb8f35880644a477a3f61874859|-|ca5953d86786ddb469a1198568e1efcc|sign_(1)_mesh_node_32340.asset
DELETE_ORPHAN|d63c1d0602f24fe4cbbb5a0a4f5ca254|-|2e47ba9dad0e2ec4ba7e5b6c0efcd727|Level03ContentRoot_L03_Content_wall5_(46)_wall5.asset
DELETE_ORPHAN|5aa3180779245c04eae936b5ac756397|-|c3aa4c240c9eaf9458564c6f04751e63|room鈥憇ign_(1)_mesh_node_29072.asset
DELETE_ORPHAN|f02faedcae3bd6845bcdcaeeead346d3|-|85dcd8f3f564aaf4db2c9ade1508b2b9|medicine_bottle9_(1)_medicine_bottle9_28806.asset
DELETE_ORPHAN|585534a40d03e684ebc3c7f4107948e6|-|45f2768037a545d4d8f105ab4f4dd3de|medicine_bottle4_(7)_medicine_bottle4_32858.asset
DELETE_ORPHAN|0ef5bcb933b346340ad67ad19fac769e|-|4c17eb5ca7ea7f846b22921768c007b4|medicine_bottle1_(8)_medicine_bottle1_31500.asset
DELETE_ORPHAN|edca87e3abf371f4e80449dc10bff206|-|d77c494239350584cbf4ae2c1f8fc6c2|medicine_bottle6_(5)_medicine_bottle6_31486.asset
DELETE_ORPHAN|95a945da57a8b0f4b903419e994d3606|-|4268f4c4a4d84534b9649b413926ccf7|FootprintMarker_(1)_Quad_32662.asset
DELETE_ORPHAN|6aa4fc6533163c84fbb929dc322c7b7d|-|4268f4c4a4d84534b9649b413926ccf7|FootprintMarker_(2)_Quad_31472.asset
DELETE_ORPHAN|bdb836550ae08c942aa8a7ed40a829b5|-|4268f4c4a4d84534b9649b413926ccf7|FootprintMarker_(3)_Quad_32060.asset
DELETE_ORPHAN|105edf1d5825119479d39f17dcf4b60b|-|4268f4c4a4d84534b9649b413926ccf7|FootprintMarker_(4)_Quad_32998.asset
DELETE_ORPHAN|a27c2f5c5c1d32c40bbf39596485eb69|-|4268f4c4a4d84534b9649b413926ccf7|FootprintMarker_(5)_Quad_32508.asset
RETARGET_AND_DELETE|3514029e215c1714c82102d31ad2fb1a|MoMing\FormalLevels\Prefabs\L03_Content.prefab|a2020b6c6086b7248a79ab5acb5629fe|L03_Content_all_picture_(4)_all picture.asset
RETARGET_AND_DELETE|ad6c4b5270c9c39458414eef8ab6409c|MoMing\FormalLevels\Prefabs\L03_Content.prefab|b3dab4d2a85c8074badb9fa4bbeaaa5a|L03_Content_bed_(2)_bed.asset
DELETE_ORPHAN|7287fa9199db76942b97295a5b0d7edc|-|b3dab4d2a85c8074badb9fa4bbeaaa5a|Level03ContentRoot_L03_Content_bed_(1)_bed.asset
DELETE_ORPHAN|672294c48f181ec44926ba1977645aee|-|b3dab4d2a85c8074badb9fa4bbeaaa5a|Level03ContentRoot_L03_Content_bed_(2)_bed.asset
RETARGET_AND_DELETE|60d5ddc02de5b924ea8770a518d7b007|MoMing\FormalLevels\Prefabs\L03_Content.prefab|bb73741249dd43e4e8845190abe4c291|L03_Content_wall5_(41)_wall5.asset
DELETE_ORPHAN|32796e456e2533047a784abe74f3cbb4|-|0652aa83dac536245bd88e09dfde8684|Level03ContentRoot_L03_Content_metal_stairs_(1)_metal_stairs.asset
DELETE_ORPHAN|3aa18e9bb63f46a4f9eb709f0fa641a2|-|74165d618f60f42458db1a9918b1fee0|all_picture_(2)_all_picture_33278.asset
RETARGET_AND_DELETE|c4752949f4de617428cb455251757e99|MoMing\FormalLevels\Prefabs\L02_Content.prefab|15effda4bbeaee44da34ac18722c724e|L02_Content_medical_drawer_cart_(3)_mesh_node.asset
DELETE_ORPHAN|fbbac6931ce131d4797b48ce778543df|-|15effda4bbeaee44da34ac18722c724e|medical_drawer_cart_(2)_mesh_node_32900.asset
DELETE_ORPHAN|14e5aeb88fc539644a1d0839413c398b|-|15effda4bbeaee44da34ac18722c724e|medical_drawer_cart_(3)_mesh_node_31584.asset
DELETE_ORPHAN|7e16727637c0c584aaa1af2c0d9bb36d|-|3a3f6c976c0dda149aaf7a09534a721b|Level03ContentRoot_L03_Content_metal_grille_window_(3)_mesh_node.asset
DELETE_ORPHAN|d69728dc4650cdc4b8f5d72892245583|-|064ea3f5ad4894c40a1315377b31fb17|jack鈥慽n鈥憈he鈥慴ox_(1)_jack鈥慽n鈥憈he鈥慴ox_29170.asset
DELETE_ORPHAN|f99bda01f2b3ce940b5bfa5df23bd1f6|-|d88ea506db27a4f43af22c1e0ebfab40|medical_privacy_screen_(22)_mesh_node_33474.asset
RETARGET_AND_DELETE|9eaf93a7d6e72eb4d995a3ad05dffc19|MoMing\FormalLevels\Prefabs\L01_Content.prefab|08fb90da70ea10d45bc5ac2d518ee75a|L01_Content_Level01_SelectedArt_SourceManifest_Architecture_wall5_(1)_wall5.asset
DELETE_ORPHAN|badafa3aaebe8224a89a4290c21f3d64|-|08fb90da70ea10d45bc5ac2d518ee75a|wall5_(1)_wall5_28456.asset
DELETE_ORPHAN|2971edc02495c84449750eddd97b0096|-|08fb90da70ea10d45bc5ac2d518ee75a|wall5_(5)_wall5_32116.asset
DELETE_ORPHAN|6b2e9e08901da89419fe27eb184a4df6|-|2a3fb1cd8941d2545878b4f1755e1eee|EmergencyButton_(1)_mesh_node.021_29506.asset
DELETE_ORPHAN|c91fb4f68be3a2f498a02d1b0e8d42bb|-|2a3fb1cd8941d2545878b4f1755e1eee|EmergencyButton_(2)_mesh_node.021_29604.asset
DELETE_ORPHAN|3fbd573292252cf4894e5938d012d480|-|2a3fb1cd8941d2545878b4f1755e1eee|EmergencyButton_(3)_mesh_node.021_29002.asset
RETARGET_AND_DELETE|5ac8085ef3819cd44bb6275557e05831|MoMing\FormalLevels\Prefabs\L01_Content.prefab|2a3fb1cd8941d2545878b4f1755e1eee|L01_Content_Level01_SelectedArt_SourceManifest_SetDressing_EmergencyButton_(1)_mesh_node.021.asset
RETARGET_AND_DELETE|9b2a748d7a609a741bf3e9d04dc38699|MoMing\FormalLevels\Prefabs\L01_Content.prefab|2a3fb1cd8941d2545878b4f1755e1eee|L01_Content_Level01_SelectedArt_SourceManifest_SetDressing_EmergencyButton_(2)_mesh_node.021.asset
RETARGET_AND_DELETE|3b73b07aff2c6624d9cf455a5dd4f3e2|MoMing\FormalLevels\Prefabs\L01_Content.prefab|2a3fb1cd8941d2545878b4f1755e1eee|L01_Content_Level01_SelectedArt_SourceManifest_SetDressing_EmergencyButton_(3)_mesh_node.021.asset
RETARGET_AND_DELETE|09e6675af1f74d247ab592d1c66a5e9b|MoMing\FormalLevels\Prefabs\L03_Content.prefab|2a3fb1cd8941d2545878b4f1755e1eee|L03_Content_EmergencyButton_(5)_mesh_node.021.asset
RETARGET_AND_DELETE|b7f1017aab84e524bb939fb51ad0fbb4|MoMing\FormalLevels\Prefabs\L03_Content.prefab|2a3fb1cd8941d2545878b4f1755e1eee|L03_Content_EmergencyButton_(6)_mesh_node.021.asset
RETARGET_AND_DELETE|ef01e9a20146f134386f56e52964ba66|MoMing\FormalLevels\Prefabs\L03_Content.prefab|2a3fb1cd8941d2545878b4f1755e1eee|L03_Content_EmergencyButton_(7)_mesh_node.021.asset
DELETE_ORPHAN|7bdb7dd4aa576c24eb19f3c69504a084|-|2a3fb1cd8941d2545878b4f1755e1eee|Level03ContentRoot_L03_Content_EmergencyButton_(4)_mesh_node.021.asset
DELETE_ORPHAN|dbeb75b4afa1b0d42b10531c728d8b55|-|2a3fb1cd8941d2545878b4f1755e1eee|Level03ContentRoot_L03_Content_EmergencyButton_(5)_mesh_node.021.asset
DELETE_ORPHAN|6d799d3412320054790bc9cca6688768|-|2a3fb1cd8941d2545878b4f1755e1eee|Level03ContentRoot_L03_Content_EmergencyButton_(6)_mesh_node.021.asset
DELETE_ORPHAN|24e1efe874e165648aed599d90be5512|-|2a3fb1cd8941d2545878b4f1755e1eee|Level03ContentRoot_L03_Content_EmergencyButton_(7)_mesh_node.021.asset
DELETE_ORPHAN|d4bf3d2eb18441247bfef7b5686cf1f4|-|41f1360e23164cb4e903362de7990b9f|medical_privacy_screen_(18)_mesh_node_32088.asset
DELETE_ORPHAN|d1d218975464c0d4dbfe4c150622b624|-|1226e22bf231cfd4f87a8d704a0502fc|screen_(3)_mesh_node_29422.asset
DELETE_ORPHAN|2463831a565924c40b922c8f14e3755c|-|4e0f2639af388714eb1c63d15550deeb|stool_(1)_stool_28708.asset
RETARGET_AND_DELETE|750ebc642bcfb5c4295d38413ad9c47d|MoMing\FormalLevels\Prefabs\L03_Content.prefab|07d1799ded0384543acea261f5119cb4|L03_Content_WallLamp2_(10)_WallLamp2.asset
RETARGET_AND_DELETE|d53c189afd32eec44853ab5833df8170|MoMing\FormalLevels\Prefabs\L03_Content.prefab|07d1799ded0384543acea261f5119cb4|L03_Content_WallLamp2_(11)_WallLamp2.asset
RETARGET_AND_DELETE|2f414ff6293caa94c83d52a0c2e7aebe|MoMing\FormalLevels\Prefabs\L03_Content.prefab|07d1799ded0384543acea261f5119cb4|L03_Content_WallLamp2_(12)_WallLamp2.asset
RETARGET_AND_DELETE|6c509e436e7244347875315c1ec0be7d|MoMing\FormalLevels\Prefabs\L03_Content.prefab|07d1799ded0384543acea261f5119cb4|L03_Content_WallLamp2_(13)_WallLamp2.asset
RETARGET_AND_DELETE|c113b0c90bbae6d4cad12e202f881126|MoMing\FormalLevels\Prefabs\L03_Content.prefab|07d1799ded0384543acea261f5119cb4|L03_Content_WallLamp2_(14)_WallLamp2.asset
RETARGET_AND_DELETE|0b97ccb8fbb4bbf489f3193bcc563dcb|MoMing\FormalLevels\Prefabs\L03_Content.prefab|07d1799ded0384543acea261f5119cb4|L03_Content_WallLamp2_(15)_WallLamp2.asset
RETARGET_AND_DELETE|144666ce1182cf44880a39da654b8543|MoMing\FormalLevels\Prefabs\L03_Content.prefab|07d1799ded0384543acea261f5119cb4|L03_Content_WallLamp2_(16)_WallLamp2.asset
RETARGET_AND_DELETE|e92793bd0758c5c459e0f437e328399e|MoMing\FormalLevels\Prefabs\L03_Content.prefab|07d1799ded0384543acea261f5119cb4|L03_Content_WallLamp2_(17)_WallLamp2.asset
RETARGET_AND_DELETE|93af28aace15642408963786c8b0ccdf|MoMing\FormalLevels\Prefabs\L03_Content.prefab|07d1799ded0384543acea261f5119cb4|L03_Content_WallLamp2_(18)_WallLamp2.asset
RETARGET_AND_DELETE|b279f475cb6391e41924658e80f1ad75|MoMing\FormalLevels\Prefabs\L03_Content.prefab|07d1799ded0384543acea261f5119cb4|L03_Content_WallLamp2_(19)_WallLamp2.asset
RETARGET_AND_DELETE|47dd0522b21882e4384ca66763957b7b|MoMing\FormalLevels\Prefabs\L03_Content.prefab|07d1799ded0384543acea261f5119cb4|L03_Content_WallLamp2_(2)_WallLamp2.asset
RETARGET_AND_DELETE|49916d92a0bf019459e30325f727dd40|MoMing\FormalLevels\Prefabs\L03_Content.prefab|07d1799ded0384543acea261f5119cb4|L03_Content_WallLamp2_(20)_WallLamp2.asset
RETARGET_AND_DELETE|e21710a9ac93841459f4e2fde6aa720f|MoMing\FormalLevels\Prefabs\L03_Content.prefab|07d1799ded0384543acea261f5119cb4|L03_Content_WallLamp2_(21)_WallLamp2.asset
RETARGET_AND_DELETE|4781d22c4c5a53e40a25d25e6654740d|MoMing\FormalLevels\Prefabs\L03_Content.prefab|07d1799ded0384543acea261f5119cb4|L03_Content_WallLamp2_(22)_WallLamp2.asset
RETARGET_AND_DELETE|6e5f2c72e7adcac409e0aabecbda8eae|MoMing\FormalLevels\Prefabs\L03_Content.prefab|07d1799ded0384543acea261f5119cb4|L03_Content_WallLamp2_(23)_WallLamp2.asset
RETARGET_AND_DELETE|e17752d008768d14eb850267fb479805|MoMing\FormalLevels\Prefabs\L03_Content.prefab|07d1799ded0384543acea261f5119cb4|L03_Content_WallLamp2_(3)_WallLamp2.asset
RETARGET_AND_DELETE|66fcaed3cb20859438856bec20e5cf6a|MoMing\FormalLevels\Prefabs\L03_Content.prefab|07d1799ded0384543acea261f5119cb4|L03_Content_WallLamp2_(4)_WallLamp2.asset
RETARGET_AND_DELETE|761ecec8cf4ed9e46a7fc44a5d7d4376|MoMing\FormalLevels\Prefabs\L03_Content.prefab|07d1799ded0384543acea261f5119cb4|L03_Content_WallLamp2_(5)_WallLamp2.asset
RETARGET_AND_DELETE|25efa85463a8f6a4ba9fd090ee3a1eff|MoMing\FormalLevels\Prefabs\L03_Content.prefab|07d1799ded0384543acea261f5119cb4|L03_Content_WallLamp2_(6)_WallLamp2.asset
RETARGET_AND_DELETE|691a61deb2d31c24682babc1c76b40f4|MoMing\FormalLevels\Prefabs\L03_Content.prefab|07d1799ded0384543acea261f5119cb4|L03_Content_WallLamp2_(7)_WallLamp2.asset
RETARGET_AND_DELETE|87b3e65bf6960034e8d8833ff36fedf9|MoMing\FormalLevels\Prefabs\L03_Content.prefab|07d1799ded0384543acea261f5119cb4|L03_Content_WallLamp2_(8)_WallLamp2.asset
RETARGET_AND_DELETE|977eaba6bd3154a43a1c1d1fd735c7fc|MoMing\FormalLevels\Prefabs\L03_Content.prefab|07d1799ded0384543acea261f5119cb4|L03_Content_WallLamp2_(9)_WallLamp2.asset
RETARGET_AND_DELETE|0ec391e58689f3f429e13d1abf956a00|MoMing\FormalLevels\Prefabs\L04_Content.prefab|07d1799ded0384543acea261f5119cb4|L04_Content_WallLamp2_(16)_WallLamp2.asset
RETARGET_AND_DELETE|ef2b23f24fd6c2e499882ee5e9d7f382|MoMing\FormalLevels\Prefabs\L04_Content.prefab|07d1799ded0384543acea261f5119cb4|L04_Content_WallLamp2_(17)_WallLamp2.asset
DELETE_ORPHAN|390311feb4b53974d8da927193d1fa06|-|07d1799ded0384543acea261f5119cb4|Level03ContentRoot_L03_Content_WallLamp2_(1)_WallLamp2.asset
DELETE_ORPHAN|f9ce320455b57484391247b04246c9a6|-|07d1799ded0384543acea261f5119cb4|Level03ContentRoot_L03_Content_WallLamp2_(10)_WallLamp2.asset
DELETE_ORPHAN|7abb3fe2d4e7c334e8d7ba6ed083821c|-|07d1799ded0384543acea261f5119cb4|Level03ContentRoot_L03_Content_WallLamp2_(11)_WallLamp2.asset
DELETE_ORPHAN|ff5b637b45ba6b9459bc8acfcf9c9653|-|07d1799ded0384543acea261f5119cb4|Level03ContentRoot_L03_Content_WallLamp2_(12)_WallLamp2.asset
DELETE_ORPHAN|26940a78d08c480448b056c46a0b700d|-|07d1799ded0384543acea261f5119cb4|Level03ContentRoot_L03_Content_WallLamp2_(13)_WallLamp2.asset
DELETE_ORPHAN|ad0f8f23f43f90844900eb5757c8b68a|-|07d1799ded0384543acea261f5119cb4|Level03ContentRoot_L03_Content_WallLamp2_(14)_WallLamp2.asset
DELETE_ORPHAN|ab66bb1ab07708542ad2ef33f9280630|-|07d1799ded0384543acea261f5119cb4|Level03ContentRoot_L03_Content_WallLamp2_(15)_WallLamp2.asset
DELETE_ORPHAN|14d658003439bc641a224033f907745b|-|07d1799ded0384543acea261f5119cb4|Level03ContentRoot_L03_Content_WallLamp2_(16)_WallLamp2.asset
DELETE_ORPHAN|673cde18f4944174e8e40ee29fded69a|-|07d1799ded0384543acea261f5119cb4|Level03ContentRoot_L03_Content_WallLamp2_(17)_WallLamp2.asset
DELETE_ORPHAN|c5a618df6fce2cf43b2c7d4bc4a4c108|-|07d1799ded0384543acea261f5119cb4|Level03ContentRoot_L03_Content_WallLamp2_(18)_WallLamp2.asset
DELETE_ORPHAN|d8bcab3af26f4104485e99375771a7b5|-|07d1799ded0384543acea261f5119cb4|Level03ContentRoot_L03_Content_WallLamp2_(19)_WallLamp2.asset
DELETE_ORPHAN|68f1d78c365c6964ab83ffa06fbf4c1d|-|07d1799ded0384543acea261f5119cb4|Level03ContentRoot_L03_Content_WallLamp2_(2)_WallLamp2.asset
DELETE_ORPHAN|7d6a2ac8a64672946bdc56587b99ede4|-|07d1799ded0384543acea261f5119cb4|Level03ContentRoot_L03_Content_WallLamp2_(20)_WallLamp2.asset
DELETE_ORPHAN|cec17669c77ed294eb9aa4c9ec925e23|-|07d1799ded0384543acea261f5119cb4|Level03ContentRoot_L03_Content_WallLamp2_(21)_WallLamp2.asset
DELETE_ORPHAN|8be3def10e005e340b72407af98fd21c|-|07d1799ded0384543acea261f5119cb4|Level03ContentRoot_L03_Content_WallLamp2_(22)_WallLamp2.asset
DELETE_ORPHAN|8ee576182432e7244a0f109a75081fc3|-|07d1799ded0384543acea261f5119cb4|Level03ContentRoot_L03_Content_WallLamp2_(23)_WallLamp2.asset
DELETE_ORPHAN|1954ceb1d9e6a914bbe0b5dc43d61074|-|07d1799ded0384543acea261f5119cb4|Level03ContentRoot_L03_Content_WallLamp2_(3)_WallLamp2.asset
DELETE_ORPHAN|6d05547a78827524fb93fcbea4ce46ab|-|07d1799ded0384543acea261f5119cb4|Level03ContentRoot_L03_Content_WallLamp2_(4)_WallLamp2.asset
DELETE_ORPHAN|79f0a6dd33a5d6744828bf8bfd8887e0|-|07d1799ded0384543acea261f5119cb4|Level03ContentRoot_L03_Content_WallLamp2_(5)_WallLamp2.asset
DELETE_ORPHAN|fbf530ccc8899bc4382c3baa5509c2f3|-|07d1799ded0384543acea261f5119cb4|Level03ContentRoot_L03_Content_WallLamp2_(6)_WallLamp2.asset
DELETE_ORPHAN|7bf62f8b493600b4ebc745537936edcc|-|07d1799ded0384543acea261f5119cb4|Level03ContentRoot_L03_Content_WallLamp2_(7)_WallLamp2.asset
DELETE_ORPHAN|02f4e3728d78b4941b46fda97bfe31d1|-|07d1799ded0384543acea261f5119cb4|Level03ContentRoot_L03_Content_WallLamp2_(8)_WallLamp2.asset
DELETE_ORPHAN|2c134c4fd87266549a57fe4bc231dee2|-|07d1799ded0384543acea261f5119cb4|Level03ContentRoot_L03_Content_WallLamp2_(9)_WallLamp2.asset
DELETE_ORPHAN|7d656ac4664505e43a42b9aa3a436397|-|0de3bef3e395a82479d5da809eaa1486|Level03ContentRoot_L03_Content_dining_table_chair_(1)_dining_table chair.asset
DELETE_ORPHAN|a341909173d0a444394ebc16c4dcdd5b|-|3403fd67d326eb747b0c98cd01750863|medicine_bottle4_(1)_medicine_bottle4_28946.asset
RETARGET_AND_DELETE|9ef0d19444674e24da58fad56e7dbcd8|MoMing\FormalLevels\Prefabs\L045_Content.prefab|fc1723e4fd77d774e87ee74f064b9b8f|L045_Content_stretcher_(3)_mesh_node.asset
RETARGET_AND_DELETE|7df612f0a39f9e24abea74196a4beada|MoMing\FormalLevels\Prefabs\L045_Content.prefab|fc1723e4fd77d774e87ee74f064b9b8f|L045_Content_stretcher_(4)_mesh_node.asset
DELETE_ORPHAN|052c676ad0b03bc438e631dceb02fc59|-|8463d0540d8f86440970da40b4fcde30|old_clipboard_(4)_old_clipboard_32788.asset
DELETE_ORPHAN|0e31e3797ef68ed46b649da093a17978|-|349f81dff89316a4bb87a01716a32bb1|wall5_(12)_wall5_33544.asset
DELETE_ORPHAN|ecc734defb15bd74184808cb447469bc|-|6273f574528630d438879aadc08436f3|DirtyLinenTrolley_(1)_mesh_node_32172.asset
RETARGET_AND_DELETE|badadbe135dae164a9807c522b5a4ff4|MoMing\FormalLevels\Prefabs\L045_Content.prefab|7b9d340109739aa43accec21aeb3bd4c|L045_Content_VintageApothecaryCabinet_(1)_tripo_node_8c96c434.asset
RETARGET_AND_DELETE|56488ebfcf13a0e4eba1b761ae767b9a|MoMing\FormalLevels\Prefabs\L045_Content.prefab|7b9d340109739aa43accec21aeb3bd4c|L045_Content_VintageApothecaryCabinet_(2)_tripo_node_8c96c434.asset
RETARGET_AND_DELETE|701704d0b70445f41ab2d1ecd43dc697|MoMing\FormalLevels\Prefabs\L05_Content.prefab|7b9d340109739aa43accec21aeb3bd4c|L05_Content_VintageApothecaryCabinet_(2)_tripo_node_8c96c434.asset
RETARGET_AND_DELETE|004c15f633eae0445b6bce746ee0b123|MoMing\FormalLevels\Prefabs\L045_Content.prefab|a1d70f392c85aa042889804e33c17d9c|L045_Content_wall_tile_(23)_mesh_node.asset
DELETE_ORPHAN|e9422eb25ccaa5d45bf16a671bc4cc31|-|b48b09401cb03e14e8697889459b7cf7|medicine_bottle2_(1)_medicine_bottle2_29100.asset
RETARGET_AND_DELETE|a57dbeb115efd5243abb8ff8fe029b69|MoMing\FormalLevels\Prefabs\L01_Content.prefab|565309cace7e649488970c2fde2bb8f3|L01_Content_Level01_SelectedArt_SourceManifest_SetDressing_pipe_(1)_mesh_node.asset
RETARGET_AND_DELETE|994674460df89654484e27edef954946|MoMing\FormalLevels\Prefabs\L01_Content.prefab|565309cace7e649488970c2fde2bb8f3|L01_Content_Level01_SelectedArt_SourceManifest_SetDressing_pipe_(2)_mesh_node.asset
RETARGET_AND_DELETE|637132d12268d694189b1193d7ffd3e2|MoMing\FormalLevels\Prefabs\L02_Content.prefab|565309cace7e649488970c2fde2bb8f3|L02_Content_pipe_(4)_mesh_node.asset
RETARGET_AND_DELETE|9a73ac1cdb7f766498517e167c7b1334|MoMing\FormalLevels\Prefabs\L03_Content.prefab|565309cace7e649488970c2fde2bb8f3|L03_Content_pipe_(10)_mesh_node.asset
RETARGET_AND_DELETE|c68bf02dd2e9dac4bb1d4a484a539efa|MoMing\FormalLevels\Prefabs\L03_Content.prefab|565309cace7e649488970c2fde2bb8f3|L03_Content_pipe_(11)_mesh_node.asset
RETARGET_AND_DELETE|97096d0091bd1394db6243c3b5573746|MoMing\FormalLevels\Prefabs\L03_Content.prefab|565309cace7e649488970c2fde2bb8f3|L03_Content_pipe_(12)_mesh_node.asset
RETARGET_AND_DELETE|0ef6aeae97c37b3448309f580e545a95|MoMing\FormalLevels\Prefabs\L03_Content.prefab|565309cace7e649488970c2fde2bb8f3|L03_Content_pipe_(13)_mesh_node.asset
RETARGET_AND_DELETE|968fba9e2dfc7e14e89dd0cfd5a465ca|MoMing\FormalLevels\Prefabs\L03_Content.prefab|565309cace7e649488970c2fde2bb8f3|L03_Content_pipe_(14)_mesh_node.asset
RETARGET_AND_DELETE|fb016aaea0b8e2f449f470ee1a839945|MoMing\FormalLevels\Prefabs\L03_Content.prefab|565309cace7e649488970c2fde2bb8f3|L03_Content_pipe_(5)_mesh_node.asset
RETARGET_AND_DELETE|48660dd9c8b128645ba9a14d2f636f86|MoMing\FormalLevels\Prefabs\L03_Content.prefab|565309cace7e649488970c2fde2bb8f3|L03_Content_pipe_(6)_mesh_node.asset
RETARGET_AND_DELETE|9b470fe49280bc64aaf5a75edaa6237f|MoMing\FormalLevels\Prefabs\L03_Content.prefab|565309cace7e649488970c2fde2bb8f3|L03_Content_pipe_(7)_mesh_node.asset
RETARGET_AND_DELETE|607445472313d954aab00fa4340a87c1|MoMing\FormalLevels\Prefabs\L03_Content.prefab|565309cace7e649488970c2fde2bb8f3|L03_Content_pipe_(8)_mesh_node.asset
RETARGET_AND_DELETE|05e1c15dd7132ab4c83cbaf9c9df3cb7|MoMing\FormalLevels\Prefabs\L03_Content.prefab|565309cace7e649488970c2fde2bb8f3|L03_Content_pipe_(9)_mesh_node.asset
RETARGET_AND_DELETE|d829bf7308575a14897c296bad8e7158|MoMing\FormalLevels\Prefabs\L045_Content.prefab|565309cace7e649488970c2fde2bb8f3|L045_Content_pipe_(35)_mesh_node.asset
RETARGET_AND_DELETE|faff921f1b68cb7499c858ac6e411300|MoMing\FormalLevels\Prefabs\L045_Content.prefab|565309cace7e649488970c2fde2bb8f3|L045_Content_pipe_(36)_mesh_node.asset
RETARGET_AND_DELETE|0485b09591d45dd4bbfe96bdb9bb24e1|MoMing\FormalLevels\Prefabs\L045_Content.prefab|565309cace7e649488970c2fde2bb8f3|L045_Content_pipe_(37)_mesh_node.asset
RETARGET_AND_DELETE|29fe956b5d9abac41b97033755c791fd|MoMing\FormalLevels\Prefabs\L045_Content.prefab|565309cace7e649488970c2fde2bb8f3|L045_Content_pipe_(38)_mesh_node.asset
RETARGET_AND_DELETE|e8629ca2cac66d84097cceda87de4a6a|MoMing\FormalLevels\Prefabs\L045_Content.prefab|565309cace7e649488970c2fde2bb8f3|L045_Content_pipe_(39)_mesh_node.asset
RETARGET_AND_DELETE|109c7d82d1ef3014095d69ad78186e13|MoMing\FormalLevels\Prefabs\L045_Content.prefab|565309cace7e649488970c2fde2bb8f3|L045_Content_pipe_(40)_mesh_node.asset
RETARGET_AND_DELETE|c9fa03eba3f23bb4782ab5f8b7dd6a3d|MoMing\FormalLevels\Prefabs\L04_Content.prefab|565309cace7e649488970c2fde2bb8f3|L04_Content_pipe_(15)_mesh_node.asset
RETARGET_AND_DELETE|fb668dce0820ed5449d07ad0c5cd13d1|MoMing\FormalLevels\Prefabs\L04_Content.prefab|565309cace7e649488970c2fde2bb8f3|L04_Content_pipe_(16)_mesh_node.asset
RETARGET_AND_DELETE|3d7b7fc501030a24a8eda5f681d8eb2b|MoMing\FormalLevels\Prefabs\L04_Content.prefab|565309cace7e649488970c2fde2bb8f3|L04_Content_pipe_(17)_mesh_node.asset
RETARGET_AND_DELETE|6dafc508f3c02054f9064d5e00222143|MoMing\FormalLevels\Prefabs\L04_Content.prefab|565309cace7e649488970c2fde2bb8f3|L04_Content_pipe_(18)_mesh_node.asset
RETARGET_AND_DELETE|d1ace4f82be89574788774de6f953e8c|MoMing\FormalLevels\Prefabs\L04_Content.prefab|565309cace7e649488970c2fde2bb8f3|L04_Content_pipe_(19)_mesh_node.asset
RETARGET_AND_DELETE|436a51a396d90f341a355745e43081e3|MoMing\FormalLevels\Prefabs\L04_Content.prefab|565309cace7e649488970c2fde2bb8f3|L04_Content_pipe_(20)_mesh_node.asset
RETARGET_AND_DELETE|e0eef05e07fcf424a8e177febb9dc369|MoMing\FormalLevels\Prefabs\L04_Content.prefab|565309cace7e649488970c2fde2bb8f3|L04_Content_pipe_(21)_mesh_node.asset
RETARGET_AND_DELETE|b11ca9c298454f84786e43a094bba220|MoMing\FormalLevels\Prefabs\L04_Content.prefab|565309cace7e649488970c2fde2bb8f3|L04_Content_pipe_(22)_mesh_node.asset
RETARGET_AND_DELETE|7bdf78a854a2f7842b000b132d7a7545|MoMing\FormalLevels\Prefabs\L04_Content.prefab|565309cace7e649488970c2fde2bb8f3|L04_Content_pipe_(23)_mesh_node.asset
RETARGET_AND_DELETE|f44617d24a535af40b6fe34c4cf8ccbf|MoMing\FormalLevels\Prefabs\L04_Content.prefab|565309cace7e649488970c2fde2bb8f3|L04_Content_pipe_(24)_mesh_node.asset
RETARGET_AND_DELETE|1c2178d0036dadb46862c0fd16a153e3|MoMing\FormalLevels\Prefabs\L04_Content.prefab|565309cace7e649488970c2fde2bb8f3|L04_Content_pipe_(25)_mesh_node.asset
RETARGET_AND_DELETE|b487ed9e814e3ba44a6520d2c1ebcf0d|MoMing\FormalLevels\Prefabs\L04_Content.prefab|565309cace7e649488970c2fde2bb8f3|L04_Content_pipe_(26)_mesh_node.asset
RETARGET_AND_DELETE|ad35fadf275a98a4793ceccabb0fcc69|MoMing\FormalLevels\Prefabs\L04_Content.prefab|565309cace7e649488970c2fde2bb8f3|L04_Content_pipe_(27)_mesh_node.asset
RETARGET_AND_DELETE|ae8925f853ed98d47b756ea743555a05|MoMing\FormalLevels\Prefabs\L04_Content.prefab|565309cace7e649488970c2fde2bb8f3|L04_Content_pipe_(28)_mesh_node.asset
RETARGET_AND_DELETE|ed3b6d6bcf4e5824589397d72e2dc09d|MoMing\FormalLevels\Prefabs\L04_Content.prefab|565309cace7e649488970c2fde2bb8f3|L04_Content_pipe_(36)_mesh_node.asset
RETARGET_AND_DELETE|fdcf6a06a31025446bd260d9fc058335|MoMing\FormalLevels\Prefabs\L05_Content.prefab|565309cace7e649488970c2fde2bb8f3|L05_Content_pipe_(29)_mesh_node.asset
RETARGET_AND_DELETE|2839822ea62b3304280b7379d1be3a56|MoMing\FormalLevels\Prefabs\L05_Content.prefab|565309cace7e649488970c2fde2bb8f3|L05_Content_pipe_(30)_mesh_node.asset
RETARGET_AND_DELETE|089f249b72062be40bd59ec1bf3d1404|MoMing\FormalLevels\Prefabs\L05_Content.prefab|565309cace7e649488970c2fde2bb8f3|L05_Content_pipe_(31)_mesh_node.asset
RETARGET_AND_DELETE|7da4b47c2e253914caab45b6637c9f23|MoMing\FormalLevels\Prefabs\L05_Content.prefab|565309cace7e649488970c2fde2bb8f3|L05_Content_pipe_(32)_mesh_node.asset
RETARGET_AND_DELETE|7dcae18e999a33140af2a26df80decf2|MoMing\FormalLevels\Prefabs\L05_Content.prefab|565309cace7e649488970c2fde2bb8f3|L05_Content_pipe_(33)_mesh_node.asset
RETARGET_AND_DELETE|07f81880ebbc1254da3fb186e4f72450|MoMing\FormalLevels\Prefabs\L05_Content.prefab|565309cace7e649488970c2fde2bb8f3|L05_Content_pipe_(34)_mesh_node.asset
DELETE_ORPHAN|d98128557e47ff54ba6675c399150647|-|565309cace7e649488970c2fde2bb8f3|Level03ContentRoot_L03_Content_pipe_(10)_mesh_node.asset
DELETE_ORPHAN|7d0bb332ddfda524c9d298108a7aceaa|-|565309cace7e649488970c2fde2bb8f3|Level03ContentRoot_L03_Content_pipe_(11)_mesh_node.asset
DELETE_ORPHAN|0a3ed6a3e8a47434081cda3afe356935|-|565309cace7e649488970c2fde2bb8f3|Level03ContentRoot_L03_Content_pipe_(12)_mesh_node.asset
DELETE_ORPHAN|3feb199c7a170564eb9623658d30b82f|-|565309cace7e649488970c2fde2bb8f3|Level03ContentRoot_L03_Content_pipe_(13)_mesh_node.asset
DELETE_ORPHAN|b747ee06fb8d1f84e8144d50d1d3e1e3|-|565309cace7e649488970c2fde2bb8f3|Level03ContentRoot_L03_Content_pipe_(14)_mesh_node.asset
DELETE_ORPHAN|76be40027e6466b4f9aeb9615b561026|-|565309cace7e649488970c2fde2bb8f3|Level03ContentRoot_L03_Content_pipe_(5)_mesh_node.asset
DELETE_ORPHAN|12a2972e4f0eedc4688dcc210c8249c4|-|565309cace7e649488970c2fde2bb8f3|Level03ContentRoot_L03_Content_pipe_(6)_mesh_node.asset
DELETE_ORPHAN|22f9815315439dc4f81f3c4c45996a3e|-|565309cace7e649488970c2fde2bb8f3|Level03ContentRoot_L03_Content_pipe_(7)_mesh_node.asset
DELETE_ORPHAN|7b412075f3cdfa34886505968a728f07|-|565309cace7e649488970c2fde2bb8f3|Level03ContentRoot_L03_Content_pipe_(8)_mesh_node.asset
DELETE_ORPHAN|f49795acaade39f4d9910d1b2de9051e|-|565309cace7e649488970c2fde2bb8f3|Level03ContentRoot_L03_Content_pipe_(9)_mesh_node.asset
DELETE_ORPHAN|76121c73470733c41a1ab425b30f3692|-|565309cace7e649488970c2fde2bb8f3|pipe_(1)_mesh_node_29590.asset
DELETE_ORPHAN|2491ba811fbcaff43b0e1d175910a252|-|565309cace7e649488970c2fde2bb8f3|pipe_(2)_mesh_node_29632.asset
DELETE_ORPHAN|481bfb62e9c702e48b2dabf613107b70|-|565309cace7e649488970c2fde2bb8f3|pipe_(3)_mesh_node_33320.asset
DELETE_ORPHAN|79a91a432d6b1f44aaa3a16af51f9f4a|-|565309cace7e649488970c2fde2bb8f3|pipe_(4)_mesh_node_32970.asset
RETARGET_AND_DELETE|22841aabc19df9c46ba7213303096108|MoMing\FormalLevels\Prefabs\L02_Content.prefab|5540d00b47ab4024ea997170119a6dbc|L02_Content_medicine_bottle6_(7)_medicine bottle6.asset
DELETE_ORPHAN|b0e3fcb22058a9d41bd453fbbad0900a|-|5540d00b47ab4024ea997170119a6dbc|medicine_bottle6_(6)_medicine_bottle6_32144.asset
DELETE_ORPHAN|9c908edea92cd5742acbef6602eb126e|-|5540d00b47ab4024ea997170119a6dbc|medicine_bottle6_(7)_medicine_bottle6_32158.asset
DELETE_ORPHAN|36f26789da5b0ab4c8d3092baf465525|-|29e2c9aa0f448a24f86f68ecd419c464|Level03ContentRoot_L03_Content_hospital_sign5_(1)_hospital sign5.asset
DELETE_ORPHAN|efa053edd050de74aae1368e78d1c482|-|61823fa5b9e13dc408b1e9486b96f06e|Level03ContentRoot_L03_Content_all_picture_(4)_all picture.asset
RETARGET_AND_DELETE|2b85829369f2fc344958e994bf5a5d2b|MoMing\FormalLevels\Prefabs\L05_Content.prefab|3cc7c431572206544ba18fa6b3cc9eb4|L05_Content_honor_flag_(2)_mesh_node.asset
RETARGET_AND_DELETE|159ae551876d9e841914fd7bc028794e|MoMing\FormalLevels\Prefabs\L05_Content.prefab|3cc7c431572206544ba18fa6b3cc9eb4|L05_Content_honor_flag_(3)_mesh_node.asset
RETARGET_AND_DELETE|54bd7889a6a7f1541903389c8ad64054|MoMing\FormalLevels\Prefabs\L05_Content.prefab|3cc7c431572206544ba18fa6b3cc9eb4|L05_Content_honor_flag_(4)_mesh_node.asset
RETARGET_AND_DELETE|2af83c22e6517da4e807cab892711483|MoMing\FormalLevels\Prefabs\L05_Content.prefab|3cc7c431572206544ba18fa6b3cc9eb4|L05_Content_honor_flag_(5)_mesh_node.asset
RETARGET_AND_DELETE|5f65d61998457e34395a847e02c733fc|MoMing\FormalLevels\Prefabs\L04_Content.prefab|704b8620cf9ce4643b8e5e3833cd9670|L04_Content_wall5_(15)_wall5.asset
DELETE_ORPHAN|0e4efe778db8f9a499a4baa933f4385b|-|e8784f40e709ad14084a71ef8a6369d4|wall5_(17)_wall5_31570.asset
DELETE_ORPHAN|578f5819edce21d4e9db27a4a28860a1|-|e1282b4c2a7ae1c44be2c5230426d75a|carpet_(4)_mesh_node_32480.asset
DELETE_ORPHAN|c72d7cfde5e35fd4595f599ee08d6727|-|9a1a8b605f3592d4d8fb4b4fa91332e4|Level03ContentRoot_L03_Content_wall5_(42)_wall5.asset
DELETE_ORPHAN|ace8e576f2f2d5b41ad5cdbb58dabca2|-|9a1a8b605f3592d4d8fb4b4fa91332e4|Level03ContentRoot_L03_Content_wall5_(47)_wall5.asset
DELETE_ORPHAN|9f75d80fa5802a642a2792bfef8bc096|-|9a1a8b605f3592d4d8fb4b4fa91332e4|Level03ContentRoot_L03_Content_wall5_(50)_wall5.asset
DELETE_ORPHAN|a0cd30e8e42bdb5489b1b2de572d1423|-|9a1a8b605f3592d4d8fb4b4fa91332e4|Level03ContentRoot_L03_Content_wall5_(51)_wall5.asset
RETARGET_AND_DELETE|d269f040f4209634e81049f0315637ac|MoMing\FormalLevels\Prefabs\L03_Content.prefab|fe077bf18d1f8cc429c05d41843cfc94|L03_Content_weight_scale_(3)_mesh_node.asset
RETARGET_AND_DELETE|8a4b3d4e961698d4c883f8314cee7375|MoMing\FormalLevels\Prefabs\L04_Content.prefab|fe077bf18d1f8cc429c05d41843cfc94|L04_Content_weight_scale_(1)_mesh_node.asset
DELETE_ORPHAN|0472576910ad9d7408df5037a9019fe2|-|fe077bf18d1f8cc429c05d41843cfc94|Level03ContentRoot_L03_Content_weight_scale_(2)_mesh_node.asset
DELETE_ORPHAN|dab24e384b953f44d85b8ed25e75de51|-|fe077bf18d1f8cc429c05d41843cfc94|Level03ContentRoot_L03_Content_weight_scale_(3)_mesh_node.asset
DELETE_ORPHAN|f9285eb93abcc2c4d9899f78fcb17431|-|27002a7a7a2124c4983c6a8e516c4cfd|screen_(9)_mesh_node_33516.asset
DELETE_ORPHAN|b21e19c537458774c923d88f2f3b297b|-|fee97c934a0b6f04fae3ae018f061453|all__kids_paintings_(1)_all__kids_paintings_28652.asset
DELETE_ORPHAN|2c50cfedec262494b84e6b3bc99170cc|-|02f3a6d021c890547951e49ae7cc853b|hospital_bed_(1)_hospital_bed_29534.asset
DELETE_ORPHAN|afe4fa35811ee9b41a026c5820869041|-|02f3a6d021c890547951e49ae7cc853b|hospital_bed_(2)_hospital_bed_28582.asset
DELETE_ORPHAN|f5267d4b66d43a840ab1be36609119c1|-|02f3a6d021c890547951e49ae7cc853b|hospital_bed_(3)_hospital_bed_29142.asset
RETARGET_AND_DELETE|0dcd73292a314824792104d59d1c752d|MoMing\FormalLevels\Prefabs\L01_Content.prefab|02f3a6d021c890547951e49ae7cc853b|L01_Content_Level01_SelectedArt_SourceManifest_SetDressing_hospital_bed_(1)_hospital bed.asset
RETARGET_AND_DELETE|ec0ae190e17da21408b0c7c462cc74ae|MoMing\FormalLevels\Prefabs\L01_Content.prefab|02f3a6d021c890547951e49ae7cc853b|L01_Content_Level01_SelectedArt_SourceManifest_SetDressing_hospital_bed_(2)_hospital bed.asset
RETARGET_AND_DELETE|6c29ff97c2ed76b489f6d5be3e8f3af9|MoMing\FormalLevels\Prefabs\L01_Content.prefab|02f3a6d021c890547951e49ae7cc853b|L01_Content_Level01_SelectedArt_SourceManifest_SetDressing_hospital_bed_(3)_hospital bed.asset
RETARGET_AND_DELETE|a85c46b216988a74288068e058f778f1|MoMing\FormalLevels\Prefabs\L03_Content.prefab|02f3a6d021c890547951e49ae7cc853b|L03_Content_hospital_bed_(5)_hospital bed.asset
DELETE_ORPHAN|235c15dea825b72479cde69a123d09e7|-|02f3a6d021c890547951e49ae7cc853b|Level03ContentRoot_L03_Content_hospital_bed_(4)_hospital bed.asset
DELETE_ORPHAN|d2ab4eb1ddf854c4dbab86cf1fedc0b2|-|02f3a6d021c890547951e49ae7cc853b|Level03ContentRoot_L03_Content_hospital_bed_(5)_hospital bed.asset
DELETE_ORPHAN|a49e079fa86cbf14fb10caa350e96a1d|-|4379a4aad52875148b3aed75240b59c4|medicine_bottle4_(9)_medicine_bottle4_32032.asset
DELETE_ORPHAN|354b562df4941fd44917f22828250cc1|-|c2b7a0b354ad9cc49880ea2611b5cc9a|picture4_(1)_picture4_28596.asset
DELETE_ORPHAN|6d88cb5ded134dc4abe7588c4631c779|-|7e5a7a9fcf7ebfe4caa3c17a94359f9e|wall5_(4)_wall5_33530.asset
DELETE_ORPHAN|20568a80c64136b4a934beb2b58e30c0|-|f1abb314d0d7476448aa50bb3cc13fc1|medicine_bottle6_(1)_medicine_bottle6_28736.asset
DELETE_ORPHAN|e44c9e912c8b580419939c932a371422|-|d0c38f7a37dbde64bbb20a882e9297c8|medical_privacy_screen_(23)_mesh_node_33404.asset
DELETE_ORPHAN|447bdd3ad66e8f9468a5b5521fa9f7e2|-|24b4e698606e7f642b913ddec7f9b2fd|Level03ContentRoot_L03_Content_old_window_(1)_old_window.asset
DELETE_ORPHAN|14a10c786bbf25140be7585917baad4c|-|72994f392c082084b9a901d80301d68d|Level03ContentRoot_L03_Content_table_and_chairs_(1)_table_and_chairs.asset
RETARGET_AND_DELETE|725ba280c8e66654b9bf62ef9a6d49a6|MoMing\FormalLevels\Prefabs\L03_Content.prefab|a73920eac39341544ad4d4da87dd4a49|L03_Content_wall3_(8)_wall3.asset
DELETE_ORPHAN|dd87d8af73810444c9fc2fac5d352503|-|a73920eac39341544ad4d4da87dd4a49|wall3_(6)_wall3_32536.asset
DELETE_ORPHAN|b0801a11a31381e4eb0557249ea84b27|-|40926a2feb1b2074fbe865adc4ea3dd5|hospital_sign9_(1)_hospital_sign9_31892.asset
RETARGET_AND_DELETE|da9c779fd11b2f24785293b3f6de53c2|MoMing\FormalLevels\Prefabs\L03_Content.prefab|40926a2feb1b2074fbe865adc4ea3dd5|L03_Content_hospital_sign9_(1)_hospital sign9.asset
DELETE_ORPHAN|eb73de8340295d64596b45c537c25a3b|-|40926a2feb1b2074fbe865adc4ea3dd5|Level03ContentRoot_L03_Content_hospital_sign9_(1)_hospital sign9.asset
DELETE_ORPHAN|3a619dce2c10b62469fbdff53fc11f63|-|8810129c5c74e664ab8009da73484494|medicine_bottle3_(9)_medicine_bottle3_31878.asset
DELETE_ORPHAN|cd79c1f2f5abc594499e47d263a7e006|-|d5426383b45d0e94582ece1119f0b6cc|medical_drawer_cart_(1)_mesh_node_29492.asset
RETARGET_AND_DELETE|f9e9d0291bcd70d46aacb9f7d5da25e5|MoMing\FormalLevels\Prefabs\L03_Content.prefab|4b4795dc95538f440b048c34a1115ad1|L03_Content_toy_dice_(3)_toy dice.asset
DELETE_ORPHAN|b77f7d68739415b40bad4af4ef531d32|-|4b4795dc95538f440b048c34a1115ad1|Level03ContentRoot_L03_Content_toy_dice_(1)_toy dice.asset
DELETE_ORPHAN|8b6da451c87e27c42b82b29c4ddd9d56|-|4b4795dc95538f440b048c34a1115ad1|Level03ContentRoot_L03_Content_toy_dice_(3)_toy dice.asset
DELETE_ORPHAN|7bf8a757d2b46d948a341b8c6afbca17|-|334a8cab6c4fe8c49bdc20281e6febfd|old_clipboard_(6)_old_clipboard_32830.asset
RETARGET_AND_DELETE|e90c2a5fdb627704a9ae4403e3f36572|MoMing\FormalLevels\Prefabs\L03_Content.prefab|70a430d597351f740812a12e2b3f0bdd|L03_Content_J鈥態ox_(11)_mesh_node.asset
RETARGET_AND_DELETE|399b2ad77da528a44aaa5c79e66e2117|MoMing\FormalLevels\Prefabs\L03_Content.prefab|70a430d597351f740812a12e2b3f0bdd|L03_Content_J鈥態ox_(2)_mesh_node.asset
RETARGET_AND_DELETE|269cc61c02977dc4d9c679ef608cebff|MoMing\FormalLevels\Prefabs\L03_Content.prefab|70a430d597351f740812a12e2b3f0bdd|L03_Content_J鈥態ox_(3)_mesh_node.asset
RETARGET_AND_DELETE|cede4b098930b4a4692315f683edc384|MoMing\FormalLevels\Prefabs\L03_Content.prefab|70a430d597351f740812a12e2b3f0bdd|L03_Content_J鈥態ox_(4)_mesh_node.asset
RETARGET_AND_DELETE|9e4eb269e63b97244853008e2313434b|MoMing\FormalLevels\Prefabs\L03_Content.prefab|70a430d597351f740812a12e2b3f0bdd|L03_Content_J鈥態ox_(5)_mesh_node.asset
RETARGET_AND_DELETE|ba3d8b13474d9d64587dc26c9715772f|MoMing\FormalLevels\Prefabs\L03_Content.prefab|70a430d597351f740812a12e2b3f0bdd|L03_Content_J鈥態ox_(6)_mesh_node.asset
RETARGET_AND_DELETE|2863d151fb96ebe40a9cec8b0d471b33|MoMing\FormalLevels\Prefabs\L03_Content.prefab|70a430d597351f740812a12e2b3f0bdd|L03_Content_J鈥態ox_(7)_mesh_node.asset
RETARGET_AND_DELETE|bd6b34c87f73a2948b6c90f6c98e0f83|MoMing\FormalLevels\Prefabs\L045_Content.prefab|70a430d597351f740812a12e2b3f0bdd|L045_Content_J鈥態ox_(13)_mesh_node.asset
RETARGET_AND_DELETE|c461a84037bd81743a0cf13a84cc816f|MoMing\FormalLevels\Prefabs\L045_Content.prefab|70a430d597351f740812a12e2b3f0bdd|L045_Content_J鈥態ox_(14)_mesh_node.asset
RETARGET_AND_DELETE|7e11fe4621c119940a737dd14f1bdbe9|MoMing\FormalLevels\Prefabs\L045_Content.prefab|70a430d597351f740812a12e2b3f0bdd|L045_Content_J鈥態ox_(15)_mesh_node.asset
RETARGET_AND_DELETE|c253e646084c72243920e6928d268202|MoMing\FormalLevels\Prefabs\L04_Content.prefab|70a430d597351f740812a12e2b3f0bdd|L04_Content_J鈥態ox_(10)_mesh_node.asset
RETARGET_AND_DELETE|04974e7f8d738494e965953b90ce0951|MoMing\FormalLevels\Prefabs\L04_Content.prefab|70a430d597351f740812a12e2b3f0bdd|L04_Content_J鈥態ox_(11)_mesh_node.asset
RETARGET_AND_DELETE|6e9e29f1a150c3f47bb2570a5c5405c1|MoMing\FormalLevels\Prefabs\L04_Content.prefab|70a430d597351f740812a12e2b3f0bdd|L04_Content_J鈥態ox_(12)_mesh_node.asset
RETARGET_AND_DELETE|aedea0c234a1c9a48ac9c7442c250c95|MoMing\FormalLevels\Prefabs\L04_Content.prefab|70a430d597351f740812a12e2b3f0bdd|L04_Content_J鈥態ox_(13)_mesh_node.asset
RETARGET_AND_DELETE|ad61e37c0e1c0934f8b53d3768afb449|MoMing\FormalLevels\Prefabs\L04_Content.prefab|70a430d597351f740812a12e2b3f0bdd|L04_Content_J鈥態ox_(14)_mesh_node.asset
RETARGET_AND_DELETE|0f1e208ab58d46a4bad4177ba34e034e|MoMing\FormalLevels\Prefabs\L04_Content.prefab|70a430d597351f740812a12e2b3f0bdd|L04_Content_J鈥態ox_(15)_mesh_node.asset
RETARGET_AND_DELETE|0fc9e63193d5b04418e79039d149e847|MoMing\FormalLevels\Prefabs\L04_Content.prefab|70a430d597351f740812a12e2b3f0bdd|L04_Content_J鈥態ox_(8)_mesh_node.asset
RETARGET_AND_DELETE|9cb20fe52a6a9a6479d10cd9a5baf219|MoMing\FormalLevels\Prefabs\L04_Content.prefab|70a430d597351f740812a12e2b3f0bdd|L04_Content_J鈥態ox_(9)_mesh_node.asset
RETARGET_AND_DELETE|f361ff84e222e1d40a0adb050601debd|MoMing\FormalLevels\Prefabs\L05_Content.prefab|70a430d597351f740812a12e2b3f0bdd|L05_Content_J鈥態ox_(16)_mesh_node.asset
RETARGET_AND_DELETE|a370013fae68e73439632865d44663c8|MoMing\FormalLevels\Prefabs\L05_Content.prefab|70a430d597351f740812a12e2b3f0bdd|L05_Content_J鈥態ox_(17)_mesh_node.asset
RETARGET_AND_DELETE|d70379cbf4f6a584caf3b875c2245ddb|MoMing\FormalLevels\Prefabs\L05_Content.prefab|70a430d597351f740812a12e2b3f0bdd|L05_Content_J鈥態ox_(18)_mesh_node.asset
DELETE_ORPHAN|e0417856fbcf5554c9153b93f04700ce|-|70a430d597351f740812a12e2b3f0bdd|Level03ContentRoot_L03_Content_J鈥態ox_(1)_mesh_node.asset
DELETE_ORPHAN|50a783f6a2efb8742872fc538073ffa4|-|70a430d597351f740812a12e2b3f0bdd|Level03ContentRoot_L03_Content_J鈥態ox_(11)_mesh_node.asset
DELETE_ORPHAN|5b2f67e90df390e4289aad04e593abf0|-|70a430d597351f740812a12e2b3f0bdd|Level03ContentRoot_L03_Content_J鈥態ox_(2)_mesh_node.asset
DELETE_ORPHAN|284780de73ed2cf4dbe807e65cc802a9|-|70a430d597351f740812a12e2b3f0bdd|Level03ContentRoot_L03_Content_J鈥態ox_(3)_mesh_node.asset
DELETE_ORPHAN|634adcb4b8a8cd441aac0dc800c91bb7|-|70a430d597351f740812a12e2b3f0bdd|Level03ContentRoot_L03_Content_J鈥態ox_(4)_mesh_node.asset
DELETE_ORPHAN|23c331d1bc502034caca6170325d3c70|-|70a430d597351f740812a12e2b3f0bdd|Level03ContentRoot_L03_Content_J鈥態ox_(5)_mesh_node.asset
DELETE_ORPHAN|fff9c4dd6868c8d4cb96a7323faf6d97|-|70a430d597351f740812a12e2b3f0bdd|Level03ContentRoot_L03_Content_J鈥態ox_(6)_mesh_node.asset
DELETE_ORPHAN|4e295519d15ef314a81b5f8bb634507e|-|70a430d597351f740812a12e2b3f0bdd|Level03ContentRoot_L03_Content_J鈥態ox_(7)_mesh_node.asset
DELETE_ORPHAN|1fb451f8277ff7e41b8840d5198f5f12|-|2cc78b1be9eb576419d76fdfe1130235|medical_privacy_screen_(21)_mesh_node_31864.asset
DELETE_ORPHAN|e2a53da249645e646b09224597e72ce2|-|c6eda758278f29b40b25a1401596ce36|cabinet_(2)_cabinet_29016.asset
DELETE_ORPHAN|9e31fef66abf3a34aad29b0515baa565|-|d594cdcf802e2a040acaa705ca83b83f|metal_tray_(1)_metal_tray_29436.asset
DELETE_ORPHAN|ba28cb75cc74a7b488ae4ffbfc1c2a16|-|da07a6f4bd18fb24bb054a183a1b7c1e|Level03ContentRoot_L03_Content_MedicineShelfCabinet_(1)_mesh_node.asset
DELETE_ORPHAN|a13df1b4e3a906242a8432820867c04b|-|9a27e30a75cb5b84e860fce83ee4244d|carpet_(3)_mesh_node_31542.asset
RETARGET_AND_DELETE|20e16409291c2bf48809c12f31d6a036|MoMing\FormalLevels\Prefabs\L01_Content.prefab|0c2819ebd7d07f240890e6583e3e2e02|L01_Content_Level01_SelectedArt_SourceManifest_SetDressing_medical_privacy_screen_(1)_mesh_node.asset
RETARGET_AND_DELETE|2303536b851fcff439e6e5d1df5c666d|MoMing\FormalLevels\Prefabs\L01_Content.prefab|0c2819ebd7d07f240890e6583e3e2e02|L01_Content_Level01_SelectedArt_SourceManifest_SetDressing_medical_privacy_screen_(2)_mesh_node.asset
RETARGET_AND_DELETE|2b683892d00762d47ad0eda9c89b67d2|MoMing\FormalLevels\Prefabs\L02_Content.prefab|0c2819ebd7d07f240890e6583e3e2e02|L02_Content_medical_privacy_screen_(10)_mesh_node.asset
RETARGET_AND_DELETE|e527a39a8012b2c418eedab598d0d86b|MoMing\FormalLevels\Prefabs\L02_Content.prefab|0c2819ebd7d07f240890e6583e3e2e02|L02_Content_medical_privacy_screen_(11)_mesh_node.asset
RETARGET_AND_DELETE|3bcf042ab02d53f418fe1b68528b79d6|MoMing\FormalLevels\Prefabs\L02_Content.prefab|0c2819ebd7d07f240890e6583e3e2e02|L02_Content_medical_privacy_screen_(5)_mesh_node.asset
RETARGET_AND_DELETE|b46afad1e56091148a0ec7bf1f8e281e|MoMing\FormalLevels\Prefabs\L02_Content.prefab|0c2819ebd7d07f240890e6583e3e2e02|L02_Content_medical_privacy_screen_(6)_mesh_node.asset
RETARGET_AND_DELETE|9cc655f4dc9c55a4181362d18dda0d3f|MoMing\FormalLevels\Prefabs\L02_Content.prefab|0c2819ebd7d07f240890e6583e3e2e02|L02_Content_medical_privacy_screen_(7)_mesh_node.asset
RETARGET_AND_DELETE|6667bc2e7a951f246b65bb998ec8c3c1|MoMing\FormalLevels\Prefabs\L02_Content.prefab|0c2819ebd7d07f240890e6583e3e2e02|L02_Content_medical_privacy_screen_(8)_mesh_node.asset
RETARGET_AND_DELETE|dde9c6d59068f0747b8ea15c207fe029|MoMing\FormalLevels\Prefabs\L02_Content.prefab|0c2819ebd7d07f240890e6583e3e2e02|L02_Content_medical_privacy_screen_(9)_mesh_node.asset
DELETE_ORPHAN|f2fe09c11be735044a254bdb995615ef|-|0c2819ebd7d07f240890e6583e3e2e02|medical_privacy_screen_(1)_mesh_node_29352.asset
DELETE_ORPHAN|cbd1a883c4e0041469c5a8b327a83b2e|-|0c2819ebd7d07f240890e6583e3e2e02|medical_privacy_screen_(10)_mesh_node_32802.asset
DELETE_ORPHAN|aefc0bdcb3f0cc143b21aa9fd7578a9e|-|0c2819ebd7d07f240890e6583e3e2e02|medical_privacy_screen_(11)_mesh_node_33026.asset
DELETE_ORPHAN|9cbba82638e3b9546b6ddbd95e8fa2da|-|0c2819ebd7d07f240890e6583e3e2e02|medical_privacy_screen_(2)_mesh_node_29408.asset
DELETE_ORPHAN|bfe318bd01270e94eb8652ced21b99b4|-|0c2819ebd7d07f240890e6583e3e2e02|medical_privacy_screen_(4)_mesh_node_32256.asset
DELETE_ORPHAN|0295b05fc49e98d43b3ca51c9e21bef6|-|0c2819ebd7d07f240890e6583e3e2e02|medical_privacy_screen_(5)_mesh_node_32452.asset
DELETE_ORPHAN|1c298904d34abd5418379a4cdc6b2179|-|0c2819ebd7d07f240890e6583e3e2e02|medical_privacy_screen_(6)_mesh_node_32732.asset
DELETE_ORPHAN|9a37058ed3271cd41bf14c484cba1b18|-|0c2819ebd7d07f240890e6583e3e2e02|medical_privacy_screen_(7)_mesh_node_33264.asset
DELETE_ORPHAN|fceb8a1925fc4dd4fb4ecb20982675a4|-|0c2819ebd7d07f240890e6583e3e2e02|medical_privacy_screen_(8)_mesh_node_32270.asset
DELETE_ORPHAN|d25c610c1d499c744a70690d7aa5bdd1|-|0c2819ebd7d07f240890e6583e3e2e02|medical_privacy_screen_(9)_mesh_node_32354.asset
DELETE_ORPHAN|af4b5667461a3f94e9721bd6ba2a9e32|-|4493e5e993dff5d4b9eea8c88ef922a1|Level03ContentRoot_L03_Content_door5__jamb_(5)_mesh_node.asset
DELETE_ORPHAN|f86ba775b66a21947b5b60b11bf4a9bb|-|259f81a0d16f66e46858214455cc12a4|Meshy_AI_Weathered_Wood_Chair_0803213228_texture_(2)_mesh_node_32648.asset
DELETE_ORPHAN|0597dc78ca7fe2045a2714728a4abd39|-|589c6618285e2014b9a3f34192f3e032|Level03ContentRoot_L03_Content_wall5_(34)_wall5.asset
DELETE_ORPHAN|31f95fd8d483288429a2d5e04a13aa98|-|f992b6525ae43534f9b879928b9a616b|medicine_bottle6_(4)_medicine_bottle6_31514.asset
RETARGET_AND_DELETE|458d2c5cc74d58043953182f151100c0|MoMing\FormalLevels\Prefabs\L02_Content.prefab|5308f2e062047ab4299093664885f8a6|L02_Content_metal_grille_window_(10)_mesh_node.asset
RETARGET_AND_DELETE|051f69c3386e9be41ab0b92bc0018bc7|MoMing\FormalLevels\Prefabs\L02_Content.prefab|5308f2e062047ab4299093664885f8a6|L02_Content_metal_grille_window_(8)_mesh_node.asset
RETARGET_AND_DELETE|7f453cc38083d3e42b30ed11a4184bfb|MoMing\FormalLevels\Prefabs\L02_Content.prefab|5308f2e062047ab4299093664885f8a6|L02_Content_metal_grille_window_(9)_mesh_node.asset
DELETE_ORPHAN|211717678e02eb2438e788c0bd92000e|-|5308f2e062047ab4299093664885f8a6|metal_grille_window_(10)_mesh_node_32774.asset
DELETE_ORPHAN|d9a8268fdf5525b47a9799f238749b1f|-|5308f2e062047ab4299093664885f8a6|metal_grille_window_(7)_mesh_node_31724.asset
DELETE_ORPHAN|d3ace4202f63d9146b5d8772fd9af99c|-|5308f2e062047ab4299093664885f8a6|metal_grille_window_(8)_mesh_node_32424.asset
DELETE_ORPHAN|0f003bc8b1955b5418100c90158dc6c0|-|5308f2e062047ab4299093664885f8a6|metal_grille_window_(9)_mesh_node_33194.asset
DELETE_ORPHAN|7f4dc7449bcb29f4c8bc68abee9bca31|-|3677693ef7b863144850a79eda602bbc|screen_(7)_mesh_node_32298.asset
DELETE_ORPHAN|ae6f6be06a2504d4e9328358297f5a50|-|45ab112d48b057c41a50eaf1d33b0a0e|screen_(6)_mesh_node_31934.asset
DELETE_ORPHAN|16ec892600b325a41b8f7bd615ddc77c|-|f3f616559d29bbe439387934ccc6002c|big_metal_locker_(1)_big_metal_locker____29044.asset
DELETE_ORPHAN|6f980d8e6a8bdb34984e28d5211644d4|-|5fe2443da674ad748a0260764d35eb95|medicine_bottle1_(18)_medicine_bottle1_32046.asset
RETARGET_AND_DELETE|3c815923f9b833b4ca4d30dc4aa0d9dc|MoMing\FormalLevels\Prefabs\L05_Content.prefab|928b276560147aa41b1567d559217409|L05_Content_desk_(2)_mesh_node.asset
DELETE_ORPHAN|422a0d8a8ca453c4c912003258e04786|-|e795a96e7f5457242902b3a06155a246|medicine_bottle1_(1)_medicine_bottle1_29380.asset
DELETE_ORPHAN|caf17e9693512044d857835dffde6600|-|3a525859801bb984cbda6b0a091e1ff1|screen_(5)_mesh_node_32942.asset
DELETE_ORPHAN|bb8fbe39db680a140a11c6feae1fcf43|-|cbc77f6bea7698f428de5b39458471f7|key_mesh_node_28372.asset
DELETE_ORPHAN|99baa510956e3a248b1541c8cc96d02f|-|554c775b08625b74a9137b02cf701a22|medicine_bottle4_(8)_medicine_bottle4_32018.asset
RETARGET_AND_DELETE|0a68829f6a4058b49b90d1b07d414594|MoMing\FormalLevels\Prefabs\L02_Content.prefab|b79c1b49d4dfa7a458b25362a519e47d|L02_Content_medicine_bottle1_(13)_medicine bottle1.asset
DELETE_ORPHAN|aff429cd050dac9498a83eb6830d4cb8|-|b79c1b49d4dfa7a458b25362a519e47d|medicine_bottle1_(13)_medicine_bottle1_32186.asset
DELETE_ORPHAN|e71a82df58daed744aa8976f179f5be4|-|b79c1b49d4dfa7a458b25362a519e47d|medicine_bottle1_(9)_medicine_bottle1_31598.asset
DELETE_ORPHAN|7a784105ed49059459dca3ef44af5b0a|-|2600ae4423bc33e44afe8f509c9702dc|L02_Content_Meshy_AI_Rusty_Iron_Pedal_Car_0801143638_texture_(1)_Mesh1.0.asset
DELETE_ORPHAN|8230998650c7daf41a3ffd0298de2e1c|-|ad957a8129450f049b05129e0c6d56b6|medicine_bottle4_(15)_medicine_bottle4_32214.asset
DELETE_ORPHAN|793eba094db9153478d54a604acfda75|-|5407072f2870ab7479a5f45b0f7cf117|small_metal_locker_(1)_small_metal_locker_28750.asset
DELETE_ORPHAN|90a928d0cb558d54eaca97a17b6c862f|-|c11ec592e45f5974c99a84abcde96ccf|Level03ContentRoot_L03_Content_RoomNumber1_(1)_RoomNumber1.asset
DELETE_ORPHAN|b2334060560a3af4286f0a506be2d13a|-|a9f358104494403468204b0e0741bc7d|picture7_(1)_picture7_29450.asset
DELETE_ORPHAN|c896098f1620bf24596a3a08a808a803|-|39f891d48a5403e40bae2f8953fc9e9e|wall5_(9)_wall5_28498.asset
RETARGET_AND_DELETE|fc6a62cdab8b5a64d807d2673e980b86|MoMing\FormalLevels\Prefabs\L05_Content.prefab|5e1be850bee773545b21352d4acd444f|L05_Content_door5__jamb_(9)_mesh_node.asset
RETARGET_AND_DELETE|c32d0357b84bf274e9490d85c3d77f1a|MoMing\FormalLevels\Prefabs\L01_Content.prefab|800510a88d3531640b3ae19543bd7517|L01_Content_Level01_SelectedArt_SourceManifest_SetDressing_wheelchair_(1)_wheelchair.asset
DELETE_ORPHAN|1b64f3c73db863c48be4aa29bf054795|-|800510a88d3531640b3ae19543bd7517|Level03ContentRoot_L03_Content_wheelchair_(4)_wheelchair.asset
DELETE_ORPHAN|7c14f4bc9c913f548bc4900c795ac2de|-|800510a88d3531640b3ae19543bd7517|wheelchair_(1)_wheelchair_28792.asset
DELETE_ORPHAN|428c62acd8f2509408d339899be534f5|-|e0ac88d76fcc85641a5edac7aaa57f22|screen_(4)_mesh_node_33390.asset
RETARGET_AND_DELETE|27c1a32a4d9949543a07a1c77e695484|MoMing\FormalLevels\Prefabs\L01_Content.prefab|0da21888baa95604f8348aa3955ef4ff|L01_Content_Level01_SelectedArt_SourceManifest_SetDressing_medical_cabinet_(2)_mesh_node.asset
DELETE_ORPHAN|14bc52165df9c9e48a4aa3dc9877ceb7|-|0da21888baa95604f8348aa3955ef4ff|medical_cabinet_(1)_mesh_node_28624.asset
DELETE_ORPHAN|e425296fecd4ead48b87b3d5d1b79d2e|-|0da21888baa95604f8348aa3955ef4ff|medical_cabinet_(2)_mesh_node_28848.asset
DELETE_ORPHAN|8ddb969c5b68ef24ba0ecaf99f96ba94|-|8bec0e843a7444747b0ca1d82167e31e|medicine_bottle7_(1)_medicine_bottle7_29520.asset
DELETE_ORPHAN|6bc58ecfef039604b8b182667a846cd2|-|2f606290e5568b745b948522dc8da8ae|MedicalCabinet_(1)_mesh_node_33124.asset
RETARGET_AND_DELETE|23b4fb88eb1226141b43a40b9475bd0e|MoMing\FormalLevels\Prefabs\L03_Content.prefab|e5459acd99b7301488fa0418247c75ee|L03_Content_wall5_(34)_wall5.asset
DELETE_ORPHAN|3695bb43be045a14fb37a3d18c75b444|-|952ab7b3fc00e484e888620eeeedcd8e|hospital_sign4_(1)_hospital_sign4_31962.asset
DELETE_ORPHAN|021d6089ffb53604090512f643f76c5b|-|e2644df1da82ae3438a5b0a4d9400be7|medicine鈥慴ox_(1)_mesh_node_28862.asset
DELETE_ORPHAN|d562a96e4cfcb524ab7f8547aee1d4bf|-|c869872fbad59f64fa3d0ecafd257b28|medical_privacy_screen_(19)_mesh_node_32466.asset
DELETE_ORPHAN|e9ef04e0cfce1c945b98e09f0c44f756|-|602c233387bd50845b301a2fb899b0ba|door_(1)_door_29576.asset
RETARGET_AND_DELETE|18c717162ffbb5d4293fb0d1c86377b1|MoMing\FormalLevels\Prefabs\L01_Content.prefab|fabd6f51a1cbfeb4fa28c6a278704db6|L01_Content_Level01_SelectedArt_SourceManifest_SetDressing_picture3_(1)_picture3.asset
RETARGET_AND_DELETE|6e2cef7cba3f9784c84c0bf4ed272de2|MoMing\FormalLevels\Prefabs\L04_Content.prefab|fabd6f51a1cbfeb4fa28c6a278704db6|L04_Content_picture3_(2)_picture3.asset
DELETE_ORPHAN|53485eb3e2ac7e349bcd36dc533e3b42|-|fabd6f51a1cbfeb4fa28c6a278704db6|Level03ContentRoot_L03_Content_picture3_(3)_picture3.asset
DELETE_ORPHAN|887736c6c54940c47822680ee0944e1a|-|fabd6f51a1cbfeb4fa28c6a278704db6|picture3_(1)_picture3_29646.asset
DELETE_ORPHAN|24dc2ccbb379d56459af454463d16d80|-|65f58e7cdf9e7654fa2543f8269680dc|medicine_bottle5_(4)_medicine_bottle5_32816.asset
DELETE_ORPHAN|c46b293c10d6b664fb0293c67052725b|-|bcfd4a3f4b2fd834da12ad2e61557978|Carpet2_(1)_mesh_node_33642.asset
RETARGET_AND_DELETE|721a174534b31324499f5bdf92d67e21|MoMing\FormalLevels\Prefabs\L03_Content.prefab|bcfd4a3f4b2fd834da12ad2e61557978|L03_Content_Carpet2_(2)_mesh_node.asset
DELETE_ORPHAN|bfd1f525533379c4f8f2a197872008ef|-|bcfd4a3f4b2fd834da12ad2e61557978|Level03ContentRoot_L03_Content_Carpet2_(2)_mesh_node.asset
RETARGET_AND_DELETE|fc9b12f16c5b0754b8a5c451c342f8da|MoMing\FormalLevels\Prefabs\L02_Content.prefab|f19546141e0ea244ca79250c53207c6c|L02_Content_medicine_bottle1_(12)_medicine bottle1.asset
DELETE_ORPHAN|0229946789663484884f18759ea3082f|-|f19546141e0ea244ca79250c53207c6c|medicine_bottle1_(11)_medicine_bottle1_33096.asset
DELETE_ORPHAN|91d28b530418451469293d625b972e52|-|f19546141e0ea244ca79250c53207c6c|medicine_bottle1_(12)_medicine_bottle1_33376.asset
DELETE_ORPHAN|c5ac014c7dab1544baec00df2f11f9ed|-|f044e64701c1e534fab7a18dd744610e|electro鈥憁edical_cabinet_(1)_electro鈥憁edical_cabinet_31654.asset
DELETE_ORPHAN|f93925457b4e0c749b79c582e25bd5f2|-|a6d70be0991f28042af13a1f270d7e1b|medicine_bottle1_(17)_medicine_bottle1_31682.asset
RETARGET_AND_DELETE|eefe68f281412754b908accaf71c3f8e|MoMing\FormalLevels\Prefabs\L02_Content.prefab|3d596c5a3c3ebb34d9a85c970ea79fd3|L02_Content_medicine_bottle6_(10)_medicine bottle6.asset
RETARGET_AND_DELETE|a61c2af754e3e944b8d2128fc97958dc|MoMing\FormalLevels\Prefabs\L02_Content.prefab|3d596c5a3c3ebb34d9a85c970ea79fd3|L02_Content_medicine_bottle6_(11)_medicine bottle6.asset
RETARGET_AND_DELETE|fabb57f511b3fef4eb1eb88011007806|MoMing\FormalLevels\Prefabs\L02_Content.prefab|3d596c5a3c3ebb34d9a85c970ea79fd3|L02_Content_medicine_bottle6_(9)_medicine bottle6.asset
DELETE_ORPHAN|8b689b23853ae4c4981ae42201bed2f7|-|3d596c5a3c3ebb34d9a85c970ea79fd3|medicine_bottle6_(10)_medicine_bottle6_31556.asset
DELETE_ORPHAN|2882dc068ba64df44a4829d88f9f46f8|-|3d596c5a3c3ebb34d9a85c970ea79fd3|medicine_bottle6_(11)_medicine_bottle6_32228.asset
DELETE_ORPHAN|736dc78c1925a92408c1d6e6e1d12a62|-|3d596c5a3c3ebb34d9a85c970ea79fd3|medicine_bottle6_(8)_medicine_bottle6_33012.asset
DELETE_ORPHAN|6dbc90b7c51ffb54d901bf47f70a1130|-|3d596c5a3c3ebb34d9a85c970ea79fd3|medicine_bottle6_(9)_medicine_bottle6_33250.asset
DELETE_ORPHAN|de606300e6b7f9c4faf32dac482b5302|-|829fe29010677ca468bb286247e4792e|medicine_bottle4_(5)_medicine_bottle4_33348.asset
DELETE_ORPHAN|92e8a9139fb647441ad96bfa5ac32ca8|-|f3d110782e0032141af157637c5b2f58|Level03ContentRoot_L03_Content_stool_(2)_stool.asset
RETARGET_AND_DELETE|e51edb0fd3afc15479860bc90fac0fb4|MoMing\FormalLevels\Prefabs\L04_Content.prefab|d9639a06054d83d469d549c89d2dfc1e|L04_Content_MedCart_(2)_mesh_node.asset
RETARGET_AND_DELETE|468f19968a937a34790c8f2aed887095|MoMing\FormalLevels\Prefabs\L01_Content.prefab|1115c81784df36d439f2f1732e161951|L01_Content_L01_MovableStep_WoodenCrate_wooden_crate_(1)_wooden_crate.asset
DELETE_ORPHAN|059d4b79451217944b58f63aca0d014e|-|1115c81784df36d439f2f1732e161951|wooden_crate_(1)_wooden_crate_29702.asset
DELETE_ORPHAN|9ec1d2762a61b3c46b93e876618e6a4b|-|89a135c470847a9458b52105bde7a3af|bookcase_wooden_(1)_mesh_node_29324.asset
DELETE_ORPHAN|d0ff0091a2b33c0429fc467471561623|-|33ad3ac696ca5e84f901fec91359e056|Level03ContentRoot_L03_Content_Meshy_AI_Weathered_Wood_Chair_0803213228_texture_(6)_mesh_node.asset
RETARGET_AND_DELETE|faf61ca6f5d89f544a549c54c6097191|MoMing\FormalLevels\Prefabs\L02_Content.prefab|9d59a1334fa2b384fb25462bda5a3314|L02_Content_medicine_bottle8_(4)_medicine bottle8.asset
DELETE_ORPHAN|a372e4ade19c47947a62a2b0f760048b|-|9d59a1334fa2b384fb25462bda5a3314|medicine_bottle8_(3)_medicine_bottle8_31528.asset
DELETE_ORPHAN|2c48f524a78567f40be9ac30f26da577|-|9d59a1334fa2b384fb25462bda5a3314|medicine_bottle8_(4)_medicine_bottle8_33292.asset
DELETE_ORPHAN|0769d0e649487394dbb5c0813dc68dc1|-|09dbbab506794d34f9ea7fe23be0af1d|metal_tray_(4)_metal_tray_32606.asset
DELETE_ORPHAN|e533a7f11bd47c64d9545326d3a4849f|-|86a5daeda79ae7c43b867c3c67371e66|old_clipboard_(3)_old_clipboard_32074.asset
DELETE_ORPHAN|1af7c7417c82ff5408251d129f1b4bc5|-|f18f04c2adf8f334b8d1b69ff5e3fc0c|carpet_(1)_mesh_node_29366.asset
RETARGET_AND_DELETE|66d95df723bc92a499750a0b46cc7160|MoMing\FormalLevels\Prefabs\L01_Content.prefab|cdb4edf19b4d057468e0db124875f9ca|L01_Content_Level01_SelectedArt_SourceManifest_SetDressing_old_clipboard_(1)_old_clipboard.asset
DELETE_ORPHAN|65f832ccbf1583342bfa20171e9bada2|-|cdb4edf19b4d057468e0db124875f9ca|old_clipboard_(1)_old_clipboard_29212.asset
DELETE_ORPHAN|bc777ca72e44b7c4e96966c1a6a1174d|-|cdb4edf19b4d057468e0db124875f9ca|old_clipboard_(2)_old_clipboard_31612.asset
RETARGET_AND_DELETE|6efab1e43461edc43b74622151fa975f|MoMing\FormalLevels\Prefabs\L04_Content.prefab|c3d14724fed971c4c871c32b742ab5af|L04_Content_metal_grille_window_(5)_mesh_node.asset
RETARGET_AND_DELETE|8259d0fc403b37d41885c4db70f482ad|MoMing\FormalLevels\Prefabs\L04_Content.prefab|c3d14724fed971c4c871c32b742ab5af|L04_Content_metal_grille_window_(6)_mesh_node.asset
RETARGET_AND_DELETE|e0e95e4682a7140428becdb580b253c4|MoMing\FormalLevels\Prefabs\L03_Content.prefab|b4605e5904acfd54ba7aa2dd6e7c94c5|L03_Content_wall5_(46)_wall5.asset
RETARGET_AND_DELETE|5192cc7829460724c9cd88b056e96c6b|MoMing\FormalLevels\Prefabs\L04_Content.prefab|30a39ef890354f84392da5b57271a794|L04_Content_medicine_bottle5_(17)_medicine bottle5.asset
RETARGET_AND_DELETE|7115250e991cda043bb6f404116fa2d9|MoMing\FormalLevels\Prefabs\L045_Content.prefab|cb901c1162d979148b6c58b70a2e5663|L045_Content_medical_cabinet_(4)_mesh_node.asset
DELETE_ORPHAN|cb92031c72c9f1b469347eca20cf377a|-|8b1b54513142ed645918dac48a32229b|screen_(1)_mesh_node_29394.asset
DELETE_ORPHAN|b07fae600338af9408e2a5e145f7a0ca|-|4e771ca0394954e41ab7bf0eb65ea96c|drug_storage_shelf_(2)_mesh_node_32620.asset
DELETE_ORPHAN|4fa97eb4b2fc7e74e91623935b3e6af4|-|e751241c2b4b911419a77bbc599669f7|medicine_bottle4_(13)_medicine_bottle4_33054.asset
DELETE_ORPHAN|71b3d03eddf80dd4ca4e79ab7a10354d|-|6f5d89ccf850493439d5536a50671e2e|all_picture_(1)_all_picture_28694.asset
DELETE_ORPHAN|1436b9eecca6b2047bd5dc961541cf89|-|22f4b2cf18a2fe549bf7196b61fbffe3|medicine_bottle1_(19)_medicine_bottle1_32676.asset
RETARGET_AND_DELETE|ebbb7bfd42cb9a74b9cae83a51fb40c8|MoMing\FormalLevels\Prefabs\L03_Content.prefab|1dba503daa0e36445a914d50556c7bfb|L03_Content_wall5_(42)_wall5.asset
RETARGET_AND_DELETE|0966b0313cb4bd24e8fc4e3732adadff|MoMing\FormalLevels\Prefabs\L03_Content.prefab|1dba503daa0e36445a914d50556c7bfb|L03_Content_wall5_(47)_wall5.asset
RETARGET_AND_DELETE|30880b7f13833514aa1fa8611f502cad|MoMing\FormalLevels\Prefabs\L03_Content.prefab|1dba503daa0e36445a914d50556c7bfb|L03_Content_wall5_(50)_wall5.asset
RETARGET_AND_DELETE|7f1a1d0650447164a95c011305c199f8|MoMing\FormalLevels\Prefabs\L03_Content.prefab|1dba503daa0e36445a914d50556c7bfb|L03_Content_wall5_(51)_wall5.asset
DELETE_ORPHAN|1c90651aa76c7ac47b022535de55588b|-|2c2283f72bb0e114d93d7991a99e0b98|medicine_bottle8_(1)_medicine_bottle8_29674.asset
RETARGET_AND_DELETE|93fff819f8967f24e91baee705d4d34a|MoMing\FormalLevels\Prefabs\L01_Content.prefab|a46653a0c77b830469955e751a902710|L01_Content_Level01_SelectedArt_SourceManifest_Architecture_wall5_(3)_wall5.asset
RETARGET_AND_DELETE|3f47c41b32d58834d81613eb53e676ba|MoMing\FormalLevels\Prefabs\L02_Content.prefab|a46653a0c77b830469955e751a902710|L02_Content_wall5_(8)_wall5.asset
DELETE_ORPHAN|5c0fb28560fb83942a2472d56347d9d1|-|a46653a0c77b830469955e751a902710|wall5_(3)_wall5_28442.asset
DELETE_ORPHAN|f112379b0ec28e342bb1e5a6b1a25fad|-|a46653a0c77b830469955e751a902710|wall5_(7)_wall5_33628.asset
DELETE_ORPHAN|9781cd05237ac0d4aaf0be1c9d62095c|-|a46653a0c77b830469955e751a902710|wall5_(8)_wall5_33614.asset
DELETE_ORPHAN|3ed0f75b491bbbc4f8f338b68a4ef397|-|f35d867abc59fac418bc57f87445b2ee|screen_(11)_mesh_node_32438.asset
DELETE_ORPHAN|8d3788d9b87ea494c9bece6ea283caab|-|d74150cc2c48dad4db2130bb8ebe33f1|Level03ContentRoot_L03_Content_toy1_(1)_mesh_node.asset
DELETE_ORPHAN|9fed32c38cc5b364781f71e0e437135a|-|bb43134bf5446154287dee2bccbf1318|medicine_bottle5_(1)_medicine_bottle5_28834.asset
RETARGET_AND_DELETE|fe208e848f28ad244b6bb43b0b953acb|MoMing\FormalLevels\Prefabs\L04_Content.prefab|ceaa5924b5f7b4746ba199fa512fb17a|L04_Content_wall5_(52)_wall5.asset
